-4.179599914550781250e+02
-7.124199829101562500e+02
-5.642100219726562500e+02
-4.048800048828125000e+02
-8.088699951171875000e+02
-6.771599731445312500e+02
-7.969799804687500000e+02
-8.603300170898437500e+02
-1.008489990234375000e+03
-8.617299804687500000e+02
-7.083699951171875000e+02
-7.259299926757812500e+02
-8.793800048828125000e+02
-6.187199707031250000e+02
-8.711900024414062500e+02
-6.534400024414062500e+02
-1.010859985351562500e+03
-1.159410034179687500e+03
-1.003909973144531250e+03
-1.018409973144531250e+03
-1.025030029296875000e+03
-1.174989990234375000e+03
-7.680200195312500000e+02
-5.963499755859375000e+02
-1.177160034179687500e+03
-9.142000122070312500e+02
-1.155530029296875000e+03
-1.168839965820312500e+03
-1.017369995117187500e+03
-1.163140014648437500e+03
-1.029750000000000000e+03
-1.028250000000000000e+03
-8.718599853515625000e+02
-9.525700073242187500e+02
-9.534899902343750000e+02
-1.104569946289062500e+03
-8.310599975585937500e+02
-1.157459960937500000e+03
-1.107819946289062500e+03
-9.808200073242187500e+02
-9.733200073242187500e+02
-1.096089965820312500e+03
-9.535300292968750000e+02
-9.565100097656250000e+02
-6.672800292968750000e+02
-9.580499877929687500e+02
-7.995200195312500000e+02
-8.167000122070312500e+02
-1.304310058593750000e+03
-8.728800048828125000e+02
-8.600100097656250000e+02
-8.034600219726562500e+02
-9.745000000000000000e+02
-1.305319946289062500e+03
-1.018950012207031250e+03
-8.602600097656250000e+02
-6.930100097656250000e+02
-1.160569946289062500e+03
-1.161229980468750000e+03
-1.402969970703125000e+03
-1.276160034179687500e+03
-1.270079956054687500e+03
-1.391770019531250000e+03
-1.395150024414062500e+03
-1.109979980468750000e+03
-1.132959960937500000e+03
-9.711500244140625000e+02
-1.256770019531250000e+03
-1.099750000000000000e+03
-1.331790039062500000e+03
-1.254619995117187500e+03
-1.242469970703125000e+03
-1.251239990234375000e+03
-1.393449951171875000e+03
-1.251260009765625000e+03
-1.245180053710937500e+03
-1.086739990234375000e+03
-1.255969970703125000e+03
-1.131380004882812500e+03
-1.253729980468750000e+03
-1.306459960937500000e+03
-1.121329956054687500e+03
-9.667100219726562500e+02
-1.255270019531250000e+03
-1.099930053710937500e+03
-9.807600097656250000e+02
-8.616199951171875000e+02
-8.847700195312500000e+02
-1.119239990234375000e+03
-1.113959960937500000e+03
-1.167689941406250000e+03
-1.153750000000000000e+03
-1.017719970703125000e+03
-1.275790039062500000e+03
-1.159280029296875000e+03
-1.277369995117187500e+03
-1.102459960937500000e+03
-1.267250000000000000e+03
-1.152680053710937500e+03
-1.160910034179687500e+03
-1.131719970703125000e+03
-1.262439941406250000e+03
-1.310130004882812500e+03
-1.105280029296875000e+03
-1.122729980468750000e+03
-1.118319946289062500e+03
-1.118530029296875000e+03
-1.271119995117187500e+03
-1.013400024414062500e+03
-1.023890014648437500e+03
-8.623400268554687500e+02
-1.018010009765625000e+03
-1.119260009765625000e+03
-1.153430053710937500e+03
-9.937000122070312500e+02
-1.120219970703125000e+03
-9.885100097656250000e+02
-9.883400268554687500e+02
-9.726400146484375000e+02
-8.101699829101562500e+02
-9.776699829101562500e+02
-8.505499877929687500e+02
-8.524199829101562500e+02
-9.946799926757812500e+02
-1.459469970703125000e+03
-1.318449951171875000e+03
-1.158130004882812500e+03
-1.317699951171875000e+03
-1.472599975585937500e+03
-1.157449951171875000e+03
-1.455849975585937500e+03
-1.300089965820312500e+03
-1.163189941406250000e+03
-9.475399780273437500e+02
-1.458290039062500000e+03
-1.458119995117187500e+03
-1.306229980468750000e+03
-1.455339965820312500e+03
-1.300050048828125000e+03
-1.454380004882812500e+03
-1.339000000000000000e+03
-1.088229980468750000e+03
-1.197040039062500000e+03
-1.324079956054687500e+03
-1.322479980468750000e+03
-1.324020019531250000e+03
-1.315900024414062500e+03
-1.316140014648437500e+03
-1.323739990234375000e+03
-1.325939941406250000e+03
-1.453109985351562500e+03
-1.321119995117187500e+03
-1.173810058593750000e+03
-1.018130004882812500e+03
-1.470790039062500000e+03
-1.062900024414062500e+03
-9.032299804687500000e+02
-1.328890014648437500e+03
-1.067189941406250000e+03
-1.327300048828125000e+03
-1.065619995117187500e+03
-1.455680053710937500e+03
-1.471150024414062500e+03
-1.474900024414062500e+03
-1.210469970703125000e+03
-1.174660034179687500e+03
-9.024400024414062500e+02
-1.472020019531250000e+03
-1.210270019531250000e+03
-1.464449951171875000e+03
-1.315050048828125000e+03
-1.466400024414062500e+03
-1.453579956054687500e+03
-1.325979980468750000e+03
-1.169329956054687500e+03
-1.459290039062500000e+03
-1.313489990234375000e+03
-1.318729980468750000e+03
-1.466119995117187500e+03
-1.319449951171875000e+03
-1.161869995117187500e+03
-1.070699951171875000e+03
-1.321300048828125000e+03
-1.600109985351562500e+03
-1.323380004882812500e+03
-1.063439941406250000e+03
-9.259099731445312500e+02
-1.325849975585937500e+03
-1.170420043945312500e+03
-9.499099731445312500e+02
-1.128500000000000000e+03
-1.006349975585937500e+03
-1.268150024414062500e+03
-1.125260009765625000e+03
-1.602069946289062500e+03
-1.250329956054687500e+03
-1.253180053710937500e+03
-1.254339965820312500e+03
-1.249869995117187500e+03
-1.254209960937500000e+03
-1.254699951171875000e+03
-1.249449951171875000e+03
-1.100589965820312500e+03
-9.456099853515625000e+02
-1.400290039062500000e+03
-1.600270019531250000e+03
-1.123319946289062500e+03
-1.258459960937500000e+03
-1.132010009765625000e+03
-1.258280029296875000e+03
-1.131640014648437500e+03
-1.401119995117187500e+03
-1.406469970703125000e+03
-1.270060058593750000e+03
-1.104189941406250000e+03
-9.724899902343750000e+02
-1.194160034179687500e+03
-1.602280029296875000e+03
-1.751199951171875000e+03
-1.595949951171875000e+03
-1.317079956054687500e+03
-1.230140014648437500e+03
-1.213239990234375000e+03
-1.468000000000000000e+03
-1.462739990234375000e+03
-1.482800048828125000e+03
-1.485760009765625000e+03
-1.750699951171875000e+03
-1.484869995117187500e+03
-1.488469970703125000e+03
-1.343760009765625000e+03
-1.348099975585937500e+03
-1.496520019531250000e+03
-1.257130004882812500e+03
-1.639579956054687500e+03
-1.242670043945312500e+03
-1.105670043945312500e+03
-1.217229980468750000e+03
-1.750530029296875000e+03
-1.472000000000000000e+03
-1.124150024414062500e+03
-1.503979980468750000e+03
-1.129260009765625000e+03
-1.383109985351562500e+03
-1.206680053710937500e+03
-1.363989990234375000e+03
-1.335729980468750000e+03
-1.481170043945312500e+03
-1.484500000000000000e+03
-1.748560058593750000e+03
-1.353020019531250000e+03
-1.220229980468750000e+03
-1.220989990234375000e+03
-1.621349975585937500e+03
-1.621359985351562500e+03
-1.361020019531250000e+03
-1.615550048828125000e+03
-1.622209960937500000e+03
-1.619699951171875000e+03
-1.637380004882812500e+03
-1.750739990234375000e+03
-1.621180053710937500e+03
-1.621319946289062500e+03
-1.387369995117187500e+03
-1.612560058593750000e+03
-1.613949951171875000e+03
-1.635939941406250000e+03
-1.492599975585937500e+03
-1.497069946289062500e+03
-1.614969970703125000e+03
-1.620310058593750000e+03
-1.749359985351562500e+03
-1.386109985351562500e+03
-1.255939941406250000e+03
-1.363689941406250000e+03
-1.347890014648437500e+03
-1.324329956054687500e+03
-1.614890014648437500e+03
-1.489579956054687500e+03
-1.620540039062500000e+03
-1.608800048828125000e+03
-1.242709960937500000e+03
-1.750349975585937500e+03
-1.487920043945312500e+03
-1.381680053710937500e+03
-1.266020019531250000e+03
-1.082199951171875000e+03
-1.222719970703125000e+03
-1.223349975585937500e+03
-1.361979980468750000e+03
-1.253880004882812500e+03
-1.620880004882812500e+03
-1.471270019531250000e+03
-1.895910034179687500e+03
-1.317170043945312500e+03
-1.490750000000000000e+03
-1.225469970703125000e+03
-1.481859985351562500e+03
-1.490560058593750000e+03
-1.622969970703125000e+03
-1.494920043945312500e+03
-1.385719970703125000e+03
-1.267439941406250000e+03
-1.486890014648437500e+03
-1.894959960937500000e+03
-1.366640014648437500e+03
-1.230060058593750000e+03
-1.620260009765625000e+03
-1.617810058593750000e+03
-1.469619995117187500e+03
-1.314510009765625000e+03
-1.619050048828125000e+03
-1.612349975585937500e+03
-1.611449951171875000e+03
-1.464040039062500000e+03
-1.894910034179687500e+03
-1.311900024414062500e+03
-1.619420043945312500e+03
-1.623380004882812500e+03
-1.615869995117187500e+03
-1.471880004882812500e+03
-1.314500000000000000e+03
-1.473010009765625000e+03
-1.472819946289062500e+03
-1.617949951171875000e+03
-1.320969970703125000e+03
-1.896030029296875000e+03
-1.600750000000000000e+03
-1.766599975585937500e+03
-1.058339965820312500e+03
-1.224219970703125000e+03
-1.220439941406250000e+03
-1.053939941406250000e+03
-1.360569946289062500e+03
-1.062670043945312500e+03
-8.841699829101562500e+02
-1.204119995117187500e+03
-1.624790039062500000e+03
-1.896030029296875000e+03
-1.625890014648437500e+03
-1.365770019531250000e+03
-1.625599975585937500e+03
-1.362589965820312500e+03
-1.624540039062500000e+03
-1.362550048828125000e+03
-1.359439941406250000e+03
-1.766699951171875000e+03
-1.626310058593750000e+03
-1.368530029296875000e+03
-1.456060058593750000e+03
-1.767109985351562500e+03
-1.506729980468750000e+03
-1.767170043945312500e+03
-1.507229980468750000e+03
-1.199560058593750000e+03
-1.472849975585937500e+03
-1.472079956054687500e+03
-1.207020019531250000e+03
-1.624500000000000000e+03
-1.364819946289062500e+03
-1.480579956054687500e+03
-1.623400024414062500e+03
-1.363000000000000000e+03
-1.765709960937500000e+03
-1.768930053710937500e+03
-1.505930053710937500e+03
-1.470050048828125000e+03
-1.198020019531250000e+03
-1.768130004882812500e+03
-1.506300048828125000e+03
-1.760250000000000000e+03
-1.387270019531250000e+03
-1.760969970703125000e+03
-1.348489990234375000e+03
-1.377469970703125000e+03
-1.343550048828125000e+03
-1.374260009765625000e+03
-1.343910034179687500e+03
-1.485530029296875000e+03
-1.517770019531250000e+03
-1.191430053710937500e+03
-1.221660034179687500e+03
-1.491180053710937500e+03
-1.489150024414062500e+03
-1.483469970703125000e+03
-1.518140014648437500e+03
-1.610849975585937500e+03
-1.464770019531250000e+03
-1.307459960937500000e+03
-1.613170043945312500e+03
-1.762030029296875000e+03
-1.622599975585937500e+03
-1.466650024414062500e+03
-1.489209960937500000e+03
-1.753900024414062500e+03
-1.621449951171875000e+03
-1.466650024414062500e+03
-1.767949951171875000e+03
-1.621989990234375000e+03
-1.465189941406250000e+03
-1.754900024414062500e+03
-9.630399780273437500e+02
-1.361989990234375000e+03
-1.370829956054687500e+03
-1.632170043945312500e+03
-1.371880004882812500e+03
-1.246589965820312500e+03
-1.640729980468750000e+03
-1.510680053710937500e+03
-1.105979980468750000e+03
-1.636459960937500000e+03
-1.637729980468750000e+03
-1.508819946289062500e+03
-1.205729980468750000e+03
-1.332390014648437500e+03
-1.603589965820312500e+03
-1.351270019531250000e+03
-1.480119995117187500e+03
-1.481640014648437500e+03
-1.346959960937500000e+03
-1.509689941406250000e+03
-1.478640014648437500e+03
-1.613969970703125000e+03
-1.610869995117187500e+03
-1.616390014648437500e+03
-1.621329956054687500e+03
-1.451069946289062500e+03
-1.487819946289062500e+03
-1.624369995117187500e+03
-1.623209960937500000e+03
-1.466310058593750000e+03
-1.754890014648437500e+03
-1.763550048828125000e+03
-1.617040039062500000e+03
-1.459540039062500000e+03
-1.632239990234375000e+03
-1.638560058593750000e+03
-1.626959960937500000e+03
-1.615660034179687500e+03
-1.252069946289062500e+03
-1.640400024414062500e+03
-1.502579956054687500e+03
-1.514709960937500000e+03
-1.370030029296875000e+03
-1.504000000000000000e+03
-1.467089965820312500e+03
-1.329859985351562500e+03
-1.350079956054687500e+03
-1.354369995117187500e+03
-1.351310058593750000e+03
-1.472150024414062500e+03
-1.372900024414062500e+03
-1.187630004882812500e+03
-1.483969970703125000e+03
-1.612390014648437500e+03
-1.465219970703125000e+03
-1.309729980468750000e+03
-1.482660034179687500e+03
-1.217969970703125000e+03
-1.379400024414062500e+03
-1.485719970703125000e+03
-1.631670043945312500e+03
-1.486280029296875000e+03
-1.249219970703125000e+03
-1.357400024414062500e+03
-1.257510009765625000e+03
-1.481400024414062500e+03
-1.373650024414062500e+03
-1.615680053710937500e+03
-1.485609985351562500e+03
-1.609729980468750000e+03
-1.490869995117187500e+03
-1.614449951171875000e+03
-1.472920043945312500e+03
-1.613819946289062500e+03
-1.609709960937500000e+03
-1.480930053710937500e+03
-1.610199951171875000e+03
-1.452849975585937500e+03
-1.761459960937500000e+03
-1.616189941406250000e+03
-1.458859985351562500e+03
-1.631750000000000000e+03
-1.618560058593750000e+03
-1.760750000000000000e+03
-1.618530029296875000e+03
-1.464530029296875000e+03
-1.615420043945312500e+03
-1.460050048828125000e+03
-1.630900024414062500e+03
-1.362849975585937500e+03
-1.624589965820312500e+03
-1.502550048828125000e+03
-1.493290039062500000e+03
-1.361680053710937500e+03
-1.239229980468750000e+03
-1.631589965820312500e+03
-1.368010009765625000e+03
-1.631670043945312500e+03
-1.369949951171875000e+03
-1.623939941406250000e+03
-1.503060058593750000e+03
-1.340550048828125000e+03
-1.496030029296875000e+03
-1.493760009765625000e+03
-1.364619995117187500e+03
-1.366250000000000000e+03
-1.206250000000000000e+03
-1.325030029296875000e+03
-1.326699951171875000e+03
-1.042239990234375000e+03
-1.174420043945312500e+03
-1.485209960937500000e+03
-1.341599975585937500e+03
-1.177650024414062500e+03
-1.489689941406250000e+03
-1.475900024414062500e+03
-1.323050048828125000e+03
-1.484150024414062500e+03
-1.641270019531250000e+03
-1.356660034179687500e+03
-1.499810058593750000e+03
-1.499260009765625000e+03
-1.388770019531250000e+03
-1.099619995117187500e+03
-1.247319946289062500e+03
-1.628479980468750000e+03
-1.256189941406250000e+03
-1.506900024414062500e+03
-1.488969970703125000e+03
-1.254780029296875000e+03
-1.246410034179687500e+03
-1.490310058593750000e+03
-1.619140014648437500e+03
-1.359050048828125000e+03
-1.488219970703125000e+03
-1.224150024414062500e+03
-1.628189941406250000e+03
-1.482030029296875000e+03
-1.221449951171875000e+03
-1.493050048828125000e+03
-1.619829956054687500e+03
-1.357680053710937500e+03
-1.487239990234375000e+03
-1.224459960937500000e+03
-1.477670043945312500e+03
-1.317400024414062500e+03
-1.158300048828125000e+03
-1.600589965820312500e+03
-1.620420043945312500e+03
-1.484520019531250000e+03
-1.324420043945312500e+03
-1.482229980468750000e+03
-1.323219970703125000e+03
-1.326819946289062500e+03
-1.160479980468750000e+03
-1.621729980468750000e+03
-1.466180053710937500e+03
-1.637270019531250000e+03
-9.674299926757812500e+02
-1.448780029296875000e+03
-7.850399780273437500e+02
-1.112079956054687500e+03
-1.495000000000000000e+03
-1.494170043945312500e+03
-1.337979980468750000e+03
-1.480890014648437500e+03
-1.216270019531250000e+03
-1.492500000000000000e+03
-1.335939941406250000e+03
-1.357469970703125000e+03
-1.604069946289062500e+03
-1.363560058593750000e+03
-1.369800048828125000e+03
-1.208209960937500000e+03
-1.372150024414062500e+03
-1.214560058593750000e+03
-1.231060058593750000e+03
-1.336050048828125000e+03
-1.339000000000000000e+03
-1.183709960937500000e+03
-1.246859985351562500e+03
-1.446880004882812500e+03
-1.274650024414062500e+03
-1.396439941406250000e+03
-1.410150024414062500e+03
-1.413819946289062500e+03
-1.419260009765625000e+03
-1.273239990234375000e+03
-1.424239990234375000e+03
-1.567829956054687500e+03
-1.289459960937500000e+03
-1.429709960937500000e+03
-1.605650024414062500e+03
-1.359510009765625000e+03
-1.222660034179687500e+03
-1.365170043945312500e+03
-1.191439941406250000e+03
-1.404560058593750000e+03
-1.206599975585937500e+03
-1.415170043945312500e+03
-1.211770019531250000e+03
-1.285910034179687500e+03
-1.224689941406250000e+03
-1.606040039062500000e+03
-1.551390014648437500e+03
-1.550729980468750000e+03
-1.418619995117187500e+03
-1.553260009765625000e+03
-1.548920043945312500e+03
-1.545829956054687500e+03
-1.428790039062500000e+03
-1.307560058593750000e+03
-1.567569946289062500e+03
-1.427979980468750000e+03
-1.455949951171875000e+03
-1.288109985351562500e+03
-1.430250000000000000e+03
-1.552939941406250000e+03
-1.427910034179687500e+03
-1.553319946289062500e+03
-1.304969970703125000e+03
-1.565099975585937500e+03
-1.420819946289062500e+03
-1.425410034179687500e+03
-1.547770019531250000e+03
-1.151699951171875000e+03
-1.427890014648437500e+03
-1.551140014648437500e+03
-1.249560058593750000e+03
-1.550180053710937500e+03
-1.342689941406250000e+03
-1.246469970703125000e+03
-1.287920043945312500e+03
-1.427680053710937500e+03
-1.550300048828125000e+03
-1.425599975585937500e+03
-1.474750000000000000e+03
-1.363650024414062500e+03
-1.221979980468750000e+03
-1.221819946289062500e+03
-1.348069946289062500e+03
-1.552800048828125000e+03
-1.401660034179687500e+03
-1.246319946289062500e+03
-1.350520019531250000e+03
-1.215489990234375000e+03
-1.351420043945312500e+03
-1.316150024414062500e+03
-1.353170043945312500e+03
-1.224229980468750000e+03
-1.289939941406250000e+03
-1.553160034179687500e+03
-1.424250000000000000e+03
-1.365500000000000000e+03
-1.221770019531250000e+03
-1.349170043945312500e+03
-1.546359985351562500e+03
-1.548780029296875000e+03
-1.465900024414062500e+03
-1.774459960937500000e+03
-1.401670043945312500e+03
-1.243859985351562500e+03
-1.549180053710937500e+03
-1.545469970703125000e+03
-1.397500000000000000e+03
-1.244199951171875000e+03
-1.549869995117187500e+03
-1.552410034179687500e+03
-1.545420043945312500e+03
-1.400010009765625000e+03
-1.312500000000000000e+03
-1.242640014648437500e+03
-1.399790039062500000e+03
-1.401109985351562500e+03
-1.546219970703125000e+03
-1.248939941406250000e+03
-1.696130004882812500e+03
-1.287119995117187500e+03
-1.280219970703125000e+03
-1.124790039062500000e+03
-1.420959960937500000e+03
-1.316089965820312500e+03
-1.555890014648437500e+03
-1.555849975585937500e+03
-1.431089965820312500e+03
-1.556239990234375000e+03
-1.433530029296875000e+03
-1.423199951171875000e+03
-1.555510009765625000e+03
-1.432270019531250000e+03
-1.423140014648437500e+03
-1.419660034179687500e+03
-1.149239990234375000e+03
-1.696160034179687500e+03
-1.555959960937500000e+03
-1.429869995117187500e+03
-1.697689941406250000e+03
-1.567069946289062500e+03
-1.698709960937500000e+03
-1.572050048828125000e+03
-1.565839965820312500e+03
-1.402560058593750000e+03
-1.402819946289062500e+03
-1.606189941406250000e+03
-1.275890014648437500e+03
-1.269979980468750000e+03
-1.554079956054687500e+03
-1.427560058593750000e+03
-1.553439941406250000e+03
-1.426739990234375000e+03
-1.696040039062500000e+03
-1.700910034179687500e+03
-1.565569946289062500e+03
-1.398160034179687500e+03
-1.450680053710937500e+03
-1.268010009765625000e+03
-1.699079956054687500e+03
-1.573229980468750000e+03
-1.565939941406250000e+03
-1.687560058593750000e+03
-1.548780029296875000e+03
-1.550869995117187500e+03
-1.688849975585937500e+03
-1.248180053710937500e+03
-1.247439941406250000e+03
-1.155349975585937500e+03
-1.389489990234375000e+03
-1.092619995117187500e+03
-1.390280029296875000e+03
-1.690790039062500000e+03
-1.123739990234375000e+03
-1.283650024414062500e+03
-1.123239990234375000e+03
-1.403459960937500000e+03
-1.408020019531250000e+03
-1.409329956054687500e+03
-9.810499877929687500e+02
-1.261599975585937500e+03
-1.554420043945312500e+03
-1.398319946289062500e+03
-1.551530029296875000e+03
-1.553089965820312500e+03
-1.396989990234375000e+03
-1.573540039062500000e+03
-1.428609985351562500e+03
-1.267119995117187500e+03
-1.698790039062500000e+03
-1.294930053710937500e+03
-1.552430053710937500e+03
-1.395640014648437500e+03
-1.550439941406250000e+03
-1.093560058593750000e+03
-1.091699951171875000e+03
-1.233530029296875000e+03
-1.237650024414062500e+03
-1.236400024414062500e+03
-1.232069946289062500e+03
-1.503699951171875000e+03
-1.615410034179687500e+03
-1.368869995117187500e+03
-1.383160034179687500e+03
-1.498709960937500000e+03
-1.364510009765625000e+03
-1.375329956054687500e+03
-1.236400024414062500e+03
-1.501140014648437500e+03
-1.369630004882812500e+03
-1.380380004882812500e+03
-1.385010009765625000e+03
-1.456420043945312500e+03
-1.751180053710937500e+03
-1.541729980468750000e+03
-1.399390014648437500e+03
-1.423140014648437500e+03
-1.552420043945312500e+03
-1.219910034179687500e+03
-1.349750000000000000e+03
-1.244670043945312500e+03
-1.427010009765625000e+03
-1.270270019531250000e+03
-1.555439941406250000e+03
-1.617640014648437500e+03
-1.554750000000000000e+03
-1.397349975585937500e+03
-1.551900024414062500e+03
-1.692380004882812500e+03
-1.554920043945312500e+03
-1.544229980468750000e+03
-1.385930053710937500e+03
-1.492089965820312500e+03
-1.214719970703125000e+03
-1.375589965820312500e+03
-1.754099975585937500e+03
-1.245089965820312500e+03
-1.239640014648437500e+03
-1.501579956054687500e+03
-1.504270019531250000e+03
-1.373150024414062500e+03
-1.367869995117187500e+03
-1.387619995117187500e+03
-1.356260009765625000e+03
-1.486300048828125000e+03
-1.242369995117187500e+03
-1.617000000000000000e+03
-1.539599975585937500e+03
-1.337430053710937500e+03
-1.541689941406250000e+03
-1.541689941406250000e+03
-1.335859985351562500e+03
-1.540479980468750000e+03
-1.335010009765625000e+03
-1.550239990234375000e+03
-1.409410034179687500e+03
-1.249910034179687500e+03
-1.460880004882812500e+03
-1.408989990234375000e+03
-1.247459960937500000e+03
-1.547560058593750000e+03
-1.689689941406250000e+03
-1.543959960937500000e+03
-1.383969970703125000e+03
-1.544530029296875000e+03
-1.688270019531250000e+03
-1.544609985351562500e+03
-1.389930053710937500e+03
-1.609189941406250000e+03
-1.542349975585937500e+03
-1.387010009765625000e+03
-1.489920043945312500e+03
-1.349469970703125000e+03
-1.224989990234375000e+03
-1.350250000000000000e+03
-1.218349975585937500e+03
-1.490969970703125000e+03
-1.356290039062500000e+03
-1.491199951171875000e+03
-1.452680053710937500e+03
-1.360430053710937500e+03
-1.355729980468750000e+03
-1.477439941406250000e+03
-1.337530029296875000e+03
-1.486130004882812500e+03
-1.240040039062500000e+03
-1.076209960937500000e+03
-1.342349975585937500e+03
-1.076780029296875000e+03
-1.402930053710937500e+03
-1.614479980468750000e+03
-1.250369995117187500e+03
-1.216969970703125000e+03
-1.356069946289062500e+03
-1.228400024414062500e+03
-1.571140014648437500e+03
-1.446660034179687500e+03
-1.157140014648437500e+03
-1.303540039062500000e+03
-1.309109985351562500e+03
-1.284369995117187500e+03
-1.609189941406250000e+03
-1.430359985351562500e+03
-1.429920043945312500e+03
-1.108369995117187500e+03
-1.259829956054687500e+03
-1.115250000000000000e+03
-1.103890014648437500e+03
-1.365500000000000000e+03
-1.237650024414062500e+03
-1.229300048828125000e+03
-1.353390014648437500e+03
-1.452750000000000000e+03
-1.227180053710937500e+03
-1.120219970703125000e+03
-1.346489990234375000e+03
-1.549150024414062500e+03
-1.416890014648437500e+03
-1.347500000000000000e+03
-1.213030029296875000e+03
-1.346229980468750000e+03
-1.211199951171875000e+03
-1.352410034179687500e+03
-1.605939941406250000e+03
-1.750540039062500000e+03
-1.549180053710937500e+03
-1.418479980468750000e+03
-1.345949951171875000e+03
-1.213939941406250000e+03
-9.596199951171875000e+02
-1.126869995117187500e+03
-9.553800048828125000e+02
-1.265449951171875000e+03
-1.407589965820312500e+03
-1.247800048828125000e+03
-1.449489990234375000e+03
-1.086920043945312500e+03
-1.412819946289062500e+03
-1.253959960937500000e+03
-1.411310058593750000e+03
-1.251810058593750000e+03
-1.254729980468750000e+03
-1.087959960937500000e+03
-1.551160034179687500e+03
-1.395729980468750000e+03
-1.498239990234375000e+03
-1.755170043945312500e+03
-1.095099975585937500e+03
-9.277800292968750000e+02
-1.233640014648437500e+03
-1.222739990234375000e+03
-1.353040039062500000e+03
-1.225260009765625000e+03
-1.352819946289062500e+03
-1.226069946289062500e+03
-1.195400024414062500e+03
-1.062969970703125000e+03
-1.616560058593750000e+03
-1.366750000000000000e+03
-9.274299926757812500e+02
-1.058819946289062500e+03
-1.230430053710937500e+03
-1.068199951171875000e+03
-1.353069946289062500e+03
-1.192890014648437500e+03
-1.348729980468750000e+03
-1.230400024414062500e+03
-1.243510009765625000e+03
-1.458989990234375000e+03
-1.074689941406250000e+03
-1.245300048828125000e+03
-1.088489990234375000e+03
-1.127500000000000000e+03
-1.432229980468750000e+03
-1.273479980468750000e+03
-1.262719970703125000e+03
-1.284310058593750000e+03
-1.280770019531250000e+03
-1.131829956054687500e+03
-1.751530029296875000e+03
-1.163989990234375000e+03
-1.280189941406250000e+03
-1.162859985351562500e+03
-1.316810058593750000e+03
-1.285800048828125000e+03
-1.416589965820312500e+03
-1.315290039062500000e+03
-1.186449951171875000e+03
-1.418650024414062500e+03
-1.160270019531250000e+03
-1.596250000000000000e+03
-1.185510009765625000e+03
-1.417579956054687500e+03
-1.137560058593750000e+03
-1.277569946289062500e+03
-1.420319946289062500e+03
-1.288109985351562500e+03
-1.418859985351562500e+03
-1.421609985351562500e+03
-1.293020019531250000e+03
-1.187589965820312500e+03
-1.753719970703125000e+03
-1.418760009765625000e+03
-1.282770019531250000e+03
-1.420670043945312500e+03
-1.153599975585937500e+03
-1.417089965820312500e+03
-1.422130004882812500e+03
-1.416300048828125000e+03
-1.272449951171875000e+03
-1.324449951171875000e+03
-1.267530029296875000e+03
-1.751689941406250000e+03
-1.322099975585937500e+03
-1.264500000000000000e+03
-1.410520019531250000e+03
-1.463489990234375000e+03
-1.113949951171875000e+03
-1.166900024414062500e+03
-1.414069946289062500e+03
-1.409780029296875000e+03
-1.464500000000000000e+03
-1.308780029296875000e+03
-1.596569946289062500e+03
-1.315790039062500000e+03
-1.316250000000000000e+03
-1.307989990234375000e+03
-1.573020019531250000e+03
-1.456900024414062500e+03
-1.566530029296875000e+03
-1.571530029296875000e+03
-1.455050048828125000e+03
-1.400780029296875000e+03
-1.029400024414062500e+03
-1.291010009765625000e+03
-1.749640014648437500e+03
-1.026670043945312500e+03
-1.169739990234375000e+03
-1.574890014648437500e+03
-1.306829956054687500e+03
-1.306569946289062500e+03
-1.170859985351562500e+03
-1.572849975585937500e+03
-1.304140014648437500e+03
-1.251479980468750000e+03
-1.400709960937500000e+03
-1.602410034179687500e+03
-1.458709960937500000e+03
-1.398260009765625000e+03
-1.415859985351562500e+03
-1.564199951171875000e+03
-1.572810058593750000e+03
-1.310339965820312500e+03
-1.574489990234375000e+03
-1.449589965820312500e+03
-1.460930053710937500e+03
-1.429459960937500000e+03
-1.460109985351562500e+03
-1.111829956054687500e+03
-1.291640014648437500e+03
-1.421829956054687500e+03
-1.561489990234375000e+03
-1.151589965820312500e+03
-1.313989990234375000e+03
-1.178329956054687500e+03
-1.572560058593750000e+03
-1.307180053710937500e+03
-1.294719970703125000e+03
-1.312569946289062500e+03
-1.286229980468750000e+03
-1.319849975585937500e+03
-1.404280029296875000e+03
-1.412010009765625000e+03
-1.279989990234375000e+03
-1.311859985351562500e+03
-1.286290039062500000e+03
-1.411619995117187500e+03
-1.414650024414062500e+03
-1.406709960937500000e+03
-1.455920043945312500e+03
-1.408959960937500000e+03
-1.564589965820312500e+03
-1.310109985351562500e+03
-1.557420043945312500e+03
-1.451060058593750000e+03
-1.422949951171875000e+03
-1.303400024414062500e+03
-1.562619995117187500e+03
-1.430540039062500000e+03
-1.562959960937500000e+03
-1.297640014648437500e+03
-1.434930053710937500e+03
-1.429780029296875000e+03
-1.552489990234375000e+03
-1.314439941406250000e+03
-1.150819946289062500e+03
-1.248650024414062500e+03
-1.093040039062500000e+03
-1.409640014648437500e+03
-1.405020019531250000e+03
-1.407209960937500000e+03
-1.753910034179687500e+03
-1.558010009765625000e+03
-1.419650024414062500e+03
-1.159430053710937500e+03
-1.420300048828125000e+03
-1.153890014648437500e+03
-1.559800048828125000e+03
-1.292280029296875000e+03
-1.559469970703125000e+03
-1.296550048828125000e+03
-1.405969970703125000e+03
-1.755729980468750000e+03
-1.259540039062500000e+03
-1.097079956054687500e+03
-1.423420043945312500e+03
-1.421680053710937500e+03
-1.180380004882812500e+03
-1.174719970703125000e+03
-1.435560058593750000e+03
-1.419640014648437500e+03
-1.423250000000000000e+03
-1.295839965820312500e+03
-1.614030029296875000e+03
-1.416380004882812500e+03
-1.418680053710937500e+03
-1.151670043945312500e+03
-1.416050048828125000e+03
-1.152689941406250000e+03
-1.422969970703125000e+03
-1.416130004882812500e+03
-1.152099975585937500e+03
-1.570800048828125000e+03
-1.424380004882812500e+03
-1.455969970703125000e+03
-1.423829956054687500e+03
-1.266140014648437500e+03
-1.424979980468750000e+03
-1.265939941406250000e+03
-1.426319946289062500e+03
-1.267500000000000000e+03
-1.420770019531250000e+03
-1.315910034179687500e+03
-1.318650024414062500e+03
-1.162189941406250000e+03
-1.753050048828125000e+03
-1.769380004882812500e+03
-1.159209960937500000e+03
-1.335400024414062500e+03
-1.033089965820312500e+03
-1.193680053710937500e+03
-1.188119995117187500e+03
-1.437099975585937500e+03
-1.311599975585937500e+03
-1.025189941406250000e+03
-1.185199951171875000e+03
-1.194719970703125000e+03
-1.611959960937500000e+03
-1.417790039062500000e+03
-1.284670043945312500e+03
-1.412160034179687500e+03
-1.278449951171875000e+03
-1.417040039062500000e+03
-1.285829956054687500e+03
-8.612999877929687500e+02
-1.032069946289062500e+03
-8.571500244140625000e+02
-1.174939941406250000e+03
-1.454709960937500000e+03
-1.155489990234375000e+03
-9.934099731445312500e+02
-1.162119995117187500e+03
-1.159979980468750000e+03
-9.922600097656250000e+02
-1.307020019531250000e+03
-1.409709960937500000e+03
-1.277489990234375000e+03
-1.303459960937500000e+03
-1.306670043945312500e+03
-1.755040039062500000e+03
-1.151390014648437500e+03
-1.146369995117187500e+03
-1.260780029296875000e+03
-1.264369995117187500e+03
-1.107229980468750000e+03
-1.275910034179687500e+03
-1.149680053710937500e+03
-1.276099975585937500e+03
-1.151189941406250000e+03
-1.151040039062500000e+03
-1.751310058593750000e+03
-1.148939941406250000e+03
-1.152849975585937500e+03
-1.153089965820312500e+03
-1.267300048828125000e+03
-1.116890014648437500e+03
-9.445100097656250000e+02
-1.147199951171875000e+03
-1.595310058593750000e+03
-1.148359985351562500e+03
-1.074920043945312500e+03
-1.077680053710937500e+03
-1.123859985351562500e+03
-1.601599975585937500e+03
-1.458579956054687500e+03
-1.292770019531250000e+03
-1.754180053710937500e+03
-1.754030029296875000e+03
-1.751010009765625000e+03
-1.655380004882812500e+03
-2.061070068359375000e+03
-1.920800048828125000e+03
-1.664609985351562500e+03
-2.061189941406250000e+03
-1.801050048828125000e+03
-2.062000000000000000e+03
-1.802000000000000000e+03
-1.495810058593750000e+03
-2.060310058593750000e+03
-1.924699951171875000e+03
-1.802280029296875000e+03
-1.768219970703125000e+03
-1.767489990234375000e+03
-1.492400024414062500e+03
-1.920449951171875000e+03
-1.660910034179687500e+03
-1.919510009765625000e+03
-1.658949951171875000e+03
-2.061500000000000000e+03
-2.064750000000000000e+03
-1.787479980468750000e+03
-1.802150024414062500e+03
-1.766099975585937500e+03
-1.494329956054687500e+03
-2.063979980468750000e+03
-1.802109985351562500e+03
-2.056030029296875000e+03
-1.914160034179687500e+03
-1.913579956054687500e+03
-2.055090087890625000e+03
-2.055719970703125000e+03
-1.926010009765625000e+03
-2.055340087890625000e+03
-1.759920043945312500e+03
-2.056739990234375000e+03
-1.645530029296875000e+03
-1.673910034179687500e+03
-1.647609985351562500e+03
-1.638810058593750000e+03
-1.671949951171875000e+03
-1.640959960937500000e+03
-1.638510009765625000e+03
-1.924089965820312500e+03
-1.672109985351562500e+03
-1.635469970703125000e+03
-1.668150024414062500e+03
-1.646579956054687500e+03
-1.674250000000000000e+03
-1.781770019531250000e+03
-1.811939941406250000e+03
-1.784869995117187500e+03
-1.781510009765625000e+03
-1.814239990234375000e+03
-1.685290039062500000e+03
-1.512239990234375000e+03
-1.638410034179687500e+03
-1.484650024414062500e+03
-1.490719970703125000e+03
-1.482900024414062500e+03
-1.518369995117187500e+03
-1.644119995117187500e+03
-1.672949951171875000e+03
-1.642349975585937500e+03
-1.671150024414062500e+03
-1.928819946289062500e+03
-1.640689941406250000e+03
-1.781040039062500000e+03
-1.814099975585937500e+03
-1.782839965820312500e+03
-1.486140014648437500e+03
-1.516560058593750000e+03
-1.784250000000000000e+03
-1.780069946289062500e+03
-1.814000000000000000e+03
-1.906640014648437500e+03
-1.653500000000000000e+03
-1.761189941406250000e+03
-1.606140014648437500e+03
-1.763880004882812500e+03
-1.764010009765625000e+03
-1.762819946289062500e+03
-1.907260009765625000e+03
-1.906359985351562500e+03
-1.605229980468750000e+03
-1.610140014648437500e+03
-1.908020019531250000e+03
-1.650270019531250000e+03
-2.057830078125000000e+03
-1.356560058593750000e+03
-1.779459960937500000e+03
-1.621180053710937500e+03
-1.775709960937500000e+03
-1.617780029296875000e+03
-1.909209960937500000e+03
-1.774920043945312500e+03
-1.618349975585937500e+03
-1.362959960937500000e+03
-1.650420043945312500e+03
-1.622770019531250000e+03
-1.905030029296875000e+03
-1.916229980468750000e+03
-1.761920043945312500e+03
-1.917229980468750000e+03
-1.760969970703125000e+03
-2.051290039062500000e+03
-1.747680053710937500e+03
-1.656920043945312500e+03
-1.499449951171875000e+03
-1.779670043945312500e+03
-1.917599975585937500e+03
-1.917819946289062500e+03
-1.761369995117187500e+03
-1.621589965820312500e+03
-1.462479980468750000e+03
-1.755530029296875000e+03
-2.063280029296875000e+03
-1.919219970703125000e+03
-1.761439941406250000e+03
-2.049729980468750000e+03
-1.920209960937500000e+03
-1.781250000000000000e+03
-1.916760009765625000e+03
-1.761459960937500000e+03
-2.063639892578125000e+03
-1.917150024414062500e+03
-1.760890014648437500e+03
-2.050739990234375000e+03
-1.262530029296875000e+03
-1.527550048828125000e+03
-1.523329956054687500e+03
-1.253439941406250000e+03
-1.790949951171875000e+03
-1.660819946289062500e+03
-1.089609985351562500e+03
-1.667729980468750000e+03
-1.264380004882812500e+03
-1.791150024414062500e+03
-1.791510009765625000e+03
-1.661410034179687500e+03
-1.791170043945312500e+03
-1.660550048828125000e+03
-1.268069946289062500e+03
-1.929189941406250000e+03
-1.668819946289062500e+03
-1.805699951171875000e+03
-1.402640014648437500e+03
-1.931619995117187500e+03
-1.932689941406250000e+03
-1.805439941406250000e+03
-1.407430053710937500e+03
-1.640500000000000000e+03
-1.506880004882812500e+03
-1.666290039062500000e+03
-1.929369995117187500e+03
-1.666050048828125000e+03
-1.542160034179687500e+03
-1.934310058593750000e+03
-1.804979980468750000e+03
-1.402489990234375000e+03
-1.930469970703125000e+03
-1.933520019531250000e+03
-1.805020019531250000e+03
-1.496969970703125000e+03
-1.628380004882812500e+03
-1.792199951171875000e+03
-1.506040039062500000e+03
-1.628349975585937500e+03
-1.505109985351562500e+03
-1.630439941406250000e+03
-1.503660034179687500e+03
-1.777469970703125000e+03
-1.643479980468750000e+03
-1.774270019531250000e+03
-1.346380004882812500e+03
-1.477680053710937500e+03
-1.786900024414062500e+03
-1.781150024414062500e+03
-1.645849975585937500e+03
-1.774819946289062500e+03
-1.924569946289062500e+03
-1.777069946289062500e+03
-1.642670043945312500e+03
-1.808449951171875000e+03
-1.774050048828125000e+03
-1.909189941406250000e+03
-1.912099975585937500e+03
-1.792260009765625000e+03
-1.906489990234375000e+03
-1.761469970703125000e+03
-1.604099975585937500e+03
-1.908459960937500000e+03
-1.911760009765625000e+03
-1.766880004882812500e+03
-1.511290039062500000e+03
-1.609339965820312500e+03
-1.913349975585937500e+03
-1.916969970703125000e+03
-1.791479980468750000e+03
-1.654270019531250000e+03
-1.915819946289062500e+03
-1.915660034179687500e+03
-1.376989990234375000e+03
-1.784300048828125000e+03
-1.520949951171875000e+03
-1.783479980468750000e+03
-1.783890014648437500e+03
-2.057639892578125000e+03
-1.767500000000000000e+03
-1.651369995117187500e+03
-1.609930053710937500e+03
-1.451930053710937500e+03
-1.919969970703125000e+03
-1.763560058593750000e+03
-2.059669921875000000e+03
-1.914150024414062500e+03
-1.756729980468750000e+03
-1.658099975585937500e+03
-1.781300048828125000e+03
-1.623699951171875000e+03
-1.791319946289062500e+03
-2.063189941406250000e+03
-1.919239990234375000e+03
-1.917089965820312500e+03
-1.762150024414062500e+03
-1.920550048828125000e+03
-2.062030029296875000e+03
-1.919560058593750000e+03
-1.767829956054687500e+03
-1.918680053710937500e+03
-1.763609985351562500e+03
-1.911520019531250000e+03
-1.790569946289062500e+03
-1.755500000000000000e+03
-2.050699951171875000e+03
-2.059129882812500000e+03
-1.912680053710937500e+03
-1.755189941406250000e+03
-1.927869995117187500e+03
-1.520290039062500000e+03
-1.362099975585937500e+03
-1.659989990234375000e+03
-1.671319946289062500e+03
-1.785880004882812500e+03
-1.668680053710937500e+03
-1.929199951171875000e+03
-1.935180053710937500e+03
-1.799650024414062500e+03
-1.810760009765625000e+03
-1.667300048828125000e+03
-1.932280029296875000e+03
-1.791280029296875000e+03
-1.934099975585937500e+03
-1.546790039062500000e+03
-1.786199951171875000e+03
-1.934810058593750000e+03
-1.665579956054687500e+03
-1.797329956054687500e+03
-1.809310058593750000e+03
-1.665729980468750000e+03
-1.663270019531250000e+03
-1.762619995117187500e+03
-1.927339965820312500e+03
-1.799400024414062500e+03
-1.798500000000000000e+03
-1.785510009765625000e+03
-1.763119995117187500e+03
-1.426079956054687500e+03
-1.420719970703125000e+03
-1.484140014648437500e+03
-1.503719970703125000e+03
-1.321229980468750000e+03
-1.629459960937500000e+03
-1.513989990234375000e+03
-1.777900024414062500e+03
-1.625290039062500000e+03
-1.924910034179687500e+03
-1.646069946289062500e+03
-1.479300048828125000e+03
-1.656709960937500000e+03
-1.919150024414062500e+03
-1.649780029296875000e+03
-1.767819946289062500e+03
-1.798040039062500000e+03
-1.668819946289062500e+03
-1.481010009765625000e+03
-1.779469970703125000e+03
-1.924949951171875000e+03
-1.909849975585937500e+03
-1.762390014648437500e+03
-1.607479980468750000e+03
-1.779550048828125000e+03
-1.515859985351562500e+03
-1.909910034179687500e+03
-1.909189941406250000e+03
-1.677170043945312500e+03
-1.534339965820312500e+03
-1.928680053710937500e+03
-1.787780029296875000e+03
-1.785380004882812500e+03
-1.908859985351562500e+03
-1.546959960937500000e+03
-1.402189941406250000e+03
-1.654609985351562500e+03
-1.555630004882812500e+03
-1.411439941406250000e+03
-1.531069946289062500e+03
-1.778750000000000000e+03
-1.672030029296875000e+03
-1.787349975585937500e+03
-1.913199951171875000e+03
-1.918510009765625000e+03
-1.783050048828125000e+03
-1.788400024414062500e+03
-1.907160034179687500e+03
-1.916689941406250000e+03
-1.917880004882812500e+03
-1.913050048828125000e+03
-1.785209960937500000e+03
-1.785270019531250000e+03
-1.926319946289062500e+03
-1.779250000000000000e+03
-1.768660034179687500e+03
-1.779599975585937500e+03
-1.786630004882812500e+03
-1.790140014648437500e+03
-1.911069946289062500e+03
-1.916729980468750000e+03
-1.905000000000000000e+03
-1.778359985351562500e+03
-1.783969970703125000e+03
-1.785489990234375000e+03
-1.918709960937500000e+03
-1.773819946289062500e+03
-1.617420043945312500e+03
-1.457099975585937500e+03
-1.922709960937500000e+03
-1.781290039062500000e+03
-1.622390014648437500e+03
-1.777359985351562500e+03
-1.621020019531250000e+03
-2.061919921875000000e+03
-1.917920043945312500e+03
-1.787310058593750000e+03
-1.760540039062500000e+03
-1.624189941406250000e+03
-1.458089965820312500e+03
-1.921449951171875000e+03
-1.919280029296875000e+03
-1.764349975585937500e+03
-2.049909912109375000e+03
-1.906020019531250000e+03
-1.750390014648437500e+03
-2.050090087890625000e+03
-1.924829956054687500e+03
-2.057810058593750000e+03
-2.058969970703125000e+03
-1.913790039062500000e+03
-1.757719970703125000e+03
-1.916150024414062500e+03
-2.058350097656250000e+03
-1.916030029296875000e+03
-1.762250000000000000e+03
-1.913010009765625000e+03
-1.757680053710937500e+03
-1.920189941406250000e+03
-1.928500000000000000e+03
-1.515349975585937500e+03
-1.934270019531250000e+03
-1.546780029296875000e+03
-1.791170043945312500e+03
-1.789770019531250000e+03
-1.932329956054687500e+03
-1.936689941406250000e+03
-1.635839965820312500e+03
-1.935469970703125000e+03
-1.924229980468750000e+03
-1.659040039062500000e+03
-1.920209960937500000e+03
-1.798979980468750000e+03
-1.659760009765625000e+03
-1.799400024414062500e+03
-1.536800048828125000e+03
-1.929109985351562500e+03
-1.667489990234375000e+03
-1.929239990234375000e+03
-1.667609985351562500e+03
-1.928180053710937500e+03
-1.921530029296875000e+03
-1.803750000000000000e+03
-1.793060058593750000e+03
-1.763369995117187500e+03
-1.777959960937500000e+03
-1.637219970703125000e+03
-1.364489990234375000e+03
-1.523089965820312500e+03
-1.362469970703125000e+03
-1.790089965820312500e+03
-1.927949951171875000e+03
-1.634770019531250000e+03
-1.788969970703125000e+03
-1.630199951171875000e+03
-1.922020019531250000e+03
-1.658750000000000000e+03
-1.501130004882812500e+03
-1.793479980468750000e+03
-1.662140014648437500e+03
-1.769910034179687500e+03
-1.801310058593750000e+03
-1.752670043945312500e+03
-1.809359985351562500e+03
-1.663750000000000000e+03
-1.503760009765625000e+03
-1.270569946289062500e+03
-1.268250000000000000e+03
-1.408810058593750000e+03
-1.410339965820312500e+03
-1.628750000000000000e+03
-1.620969970703125000e+03
-1.656510009765625000e+03
-1.599989990234375000e+03
-1.631650024414062500e+03
-1.661760009765625000e+03
-1.636380004882812500e+03
-1.654000000000000000e+03
-1.508750000000000000e+03
-1.345670043945312500e+03
-1.781680053710937500e+03
-1.634060058593750000e+03
-1.476280029296875000e+03
-1.664719970703125000e+03
-1.446520019531250000e+03
-1.507739990234375000e+03
-1.343140014648437500e+03
-1.630089965820312500e+03
-1.472099975585937500e+03
-1.779040039062500000e+03
-1.784410034179687500e+03
-1.639680053710937500e+03
-1.476520019531250000e+03
-1.252199951171875000e+03
-1.384380004882812500e+03
-1.899390014648437500e+03
-1.914479980468750000e+03
-1.415859985351562500e+03
-1.249400024414062500e+03
-1.378329956054687500e+03
-1.379890014648437500e+03
-1.612349975585937500e+03
-1.770079956054687500e+03
-1.774479980468750000e+03
-1.634229980468750000e+03
-1.638729980468750000e+03
-1.759369995117187500e+03
-1.747290039062500000e+03
-1.626800048828125000e+03
-1.764349975585937500e+03
-1.762699951171875000e+03
-1.605880004882812500e+03
-1.778390014648437500e+03
-1.778079956054687500e+03
-1.515949951171875000e+03
-1.771050048828125000e+03
-1.774349975585937500e+03
-1.641790039062500000e+03
-1.919849975585937500e+03
-1.760520019531250000e+03
-1.606290039062500000e+03
-1.910329956054687500e+03
-1.760180053710937500e+03
-1.605089965820312500e+03
-1.778349975585937500e+03
-1.515880004882812500e+03
-1.514790039062500000e+03
-1.775099975585937500e+03
-1.547560058593750000e+03
-1.786939941406250000e+03
-1.540020019531250000e+03
-1.538280029296875000e+03
-1.678680053710937500e+03
-1.928729980468750000e+03
-1.784699951171875000e+03
-1.908949951171875000e+03
-1.786089965820312500e+03
-1.785819946289062500e+03
-1.513199951171875000e+03
-1.514550048828125000e+03
-1.649390014648437500e+03
-1.658680053710937500e+03
-1.654969970703125000e+03
-1.546189941406250000e+03
-1.533550048828125000e+03
-1.781219970703125000e+03
-1.777500000000000000e+03
-1.799969970703125000e+03
-1.673219970703125000e+03
-1.673079956054687500e+03
-1.793030029296875000e+03
-1.647729980468750000e+03
-1.521239990234375000e+03
-1.534189941406250000e+03
-1.505189941406250000e+03
-1.912920043945312500e+03
-1.765119995117187500e+03
-1.612119995117187500e+03
-1.781920043945312500e+03
-1.783290039062500000e+03
-1.521810058593750000e+03
-1.775439941406250000e+03
-1.639010009765625000e+03
-1.906859985351562500e+03
-1.910130004882812500e+03
-1.911439941406250000e+03
-1.772500000000000000e+03
-1.781329956054687500e+03
-1.781560058593750000e+03
-1.930180053710937500e+03
-1.908050048828125000e+03
-1.645900024414062500e+03
-1.789030029296875000e+03
-1.777479980468750000e+03
-1.907530029296875000e+03
-1.788400024414062500e+03
-1.677900024414062500e+03
-1.390300048828125000e+03
-1.537969970703125000e+03
-1.546859985351562500e+03
-1.796209960937500000e+03
-1.771709960937500000e+03
-1.777569946289062500e+03
-1.545060058593750000e+03
-1.778550048828125000e+03
-1.771560058593750000e+03
-1.779910034179687500e+03
-1.765869995117187500e+03
-1.536969970703125000e+03
-1.910689941406250000e+03
-1.780489990234375000e+03
-1.776729980468750000e+03
-1.909130004882812500e+03
-1.901270019531250000e+03
-1.902250000000000000e+03
-1.764640014648437500e+03
-1.911199951171875000e+03
-1.777439941406250000e+03
-1.779089965820312500e+03
-1.772079956054687500e+03
-1.771900024414062500e+03
-1.764280029296875000e+03
-1.778199951171875000e+03
-1.780390014648437500e+03
-1.909239990234375000e+03
-1.904199951171875000e+03
-1.628790039062500000e+03
-1.911760009765625000e+03
-1.910969970703125000e+03
-1.776930053710937500e+03
-1.771140014648437500e+03
-1.778079956054687500e+03
-2.048320068359375000e+03
-1.909280029296875000e+03
-1.905709960937500000e+03
-1.750310058593750000e+03
-1.766810058593750000e+03
-1.608420043945312500e+03
-1.491939941406250000e+03
-1.911599975585937500e+03
-1.753660034179687500e+03
-1.915380004882812500e+03
-2.055719970703125000e+03
-1.914619995117187500e+03
-1.761560058593750000e+03
-1.911239990234375000e+03
-1.756949951171875000e+03
-1.448229980468750000e+03
-1.916010009765625000e+03
-1.490060058593750000e+03
-1.774150024414062500e+03
-1.615780029296875000e+03
-1.771510009765625000e+03
-1.613920043945312500e+03
-1.915619995117187500e+03
-2.056679931640625000e+03
-1.911040039062500000e+03
-1.755560058593750000e+03
-1.616750000000000000e+03
-1.450410034179687500e+03
-1.482099975585937500e+03
-1.914319946289062500e+03
-2.055959960937500000e+03
-1.914109985351562500e+03
-1.762489990234375000e+03
-1.911300048828125000e+03
-1.755680053710937500e+03
-1.926680053710937500e+03
-1.658420043945312500e+03
-1.920959960937500000e+03
-1.529050048828125000e+03
-1.622969970703125000e+03
-1.660329956054687500e+03
-1.652540039062500000e+03
-1.495040039062500000e+03
-1.536119995117187500e+03
-1.517349975585937500e+03
-1.927050048828125000e+03
-1.538319946289062500e+03
-1.926530029296875000e+03
-1.663069946289062500e+03
-1.927349975585937500e+03
-1.622329956054687500e+03
-1.667040039062500000e+03
-1.355630004882812500e+03
-1.784699951171875000e+03
-1.524150024414062500e+03
-1.783459960937500000e+03
-1.522569946289062500e+03
-1.926000000000000000e+03
-1.929489990234375000e+03
-1.665680053710937500e+03
-1.628060058593750000e+03
-1.924310058593750000e+03
-1.355349975585937500e+03
-1.928050048828125000e+03
-1.666650024414062500e+03
-1.920170043945312500e+03
-1.615469970703125000e+03
-1.458109985351562500e+03
-1.656099975585937500e+03
-1.920349975585937500e+03
-1.769869995117187500e+03
-1.640829956054687500e+03
-1.650020019531250000e+03
-1.790760009765625000e+03
-1.662719970703125000e+03
-1.648910034179687500e+03
-1.493099975585937500e+03
-1.781150024414062500e+03
-1.625640014648437500e+03
-1.781969970703125000e+03
-1.625130004882812500e+03
-1.914180053710937500e+03
-1.399979980468750000e+03
-1.783609985351562500e+03
-1.403060058593750000e+03
-1.260420043945312500e+03
-1.366130004882812500e+03
-1.638540039062500000e+03
-1.646609985351562500e+03
-1.652989990234375000e+03
-1.651180053710937500e+03
-1.659709960937500000e+03
-1.655170043945312500e+03
-1.801800048828125000e+03
-1.787939941406250000e+03
-1.662829956054687500e+03
-1.653709960937500000e+03
-1.498160034179687500e+03
-1.655910034179687500e+03
-1.771209960937500000e+03
-1.627099975585937500e+03
-1.463109985351562500e+03
-1.665670043945312500e+03
-1.807349975585937500e+03
-1.665709960937500000e+03
-1.926839965820312500e+03
-1.915619995117187500e+03
-1.509800048828125000e+03
-1.662510009765625000e+03
-1.505400024414062500e+03
-1.490569946289062500e+03
-1.406290039062500000e+03
-1.369000000000000000e+03
-1.414510009765625000e+03
-1.398800048828125000e+03
-1.418369995117187500e+03
-1.320040039062500000e+03
-1.788550048828125000e+03
-1.227880004882812500e+03
-1.525310058593750000e+03
-1.389880004882812500e+03
-1.640229980468750000e+03
-1.497390014648437500e+03
-1.625209960937500000e+03
-1.626310058593750000e+03
-1.493750000000000000e+03
-1.616050048828125000e+03
-1.628140014648437500e+03
-1.789020019531250000e+03
-1.340229980468750000e+03
-1.473459960937500000e+03
-1.640349975585937500e+03
-1.478380004882812500e+03
-1.640489990234375000e+03
-1.777790039062500000e+03
-1.638109985351562500e+03
-1.480890014648437500e+03
-1.631810058593750000e+03
-1.475839965820312500e+03
-1.785130004882812500e+03
-1.248430053710937500e+03
-1.254109985351562500e+03
-1.383770019531250000e+03
-1.384760009765625000e+03
-1.384660034179687500e+03
-1.497170043945312500e+03
-1.511060058593750000e+03
-1.622650024414062500e+03
-1.791099975585937500e+03
-1.650660034179687500e+03
-1.923910034179687500e+03
-1.781040039062500000e+03
-1.657959960937500000e+03
-1.638390014648437500e+03
-1.657130004882812500e+03
-1.646060058593750000e+03
-1.619780029296875000e+03
-1.785359985351562500e+03
-1.648209960937500000e+03
-1.788589965820312500e+03
-1.647300048828125000e+03
-1.923880004882812500e+03
-1.652239990234375000e+03
-1.649459960937500000e+03
-1.651810058593750000e+03
-1.481530029296875000e+03
-1.770089965820312500e+03
-1.767709960937500000e+03
-1.637290039062500000e+03
-1.637479980468750000e+03
-1.773130004882812500e+03
-1.616050048828125000e+03
-1.902699951171875000e+03
-1.631900024414062500e+03
-1.783859985351562500e+03
-1.641439941406250000e+03
-1.788800048828125000e+03
-1.536520019531250000e+03
-1.651959960937500000e+03
-1.656489990234375000e+03
-1.767040039062500000e+03
-1.611469970703125000e+03
-1.768810058593750000e+03
-1.753260009765625000e+03
-1.614670043945312500e+03
-1.766550048828125000e+03
-1.615270019531250000e+03
-1.788359985351562500e+03
-1.646430053710937500e+03
-1.524310058593750000e+03
-1.383000000000000000e+03
-1.653130004882812500e+03
-1.514989990234375000e+03
-1.651430053710937500e+03
-1.899420043945312500e+03
-1.657910034179687500e+03
-1.794579956054687500e+03
-1.809099975585937500e+03
-1.667329956054687500e+03
-1.561959960937500000e+03
-1.942369995117187500e+03
-1.656910034179687500e+03
-1.656459960937500000e+03
-1.657660034179687500e+03
-1.800900024414062500e+03
-1.744569946289062500e+03
-1.796260009765625000e+03
-1.798469970703125000e+03
-1.437449951171875000e+03
-1.685949951171875000e+03
-1.543109985351562500e+03
-1.548180053710937500e+03
-1.431250000000000000e+03
-1.805579956054687500e+03
-1.809160034179687500e+03
-1.652579956054687500e+03
-1.900439941406250000e+03
-1.897949951171875000e+03
-1.434770019531250000e+03
-1.807380004882812500e+03
-1.667020019531250000e+03
-1.640390014648437500e+03
-1.632699951171875000e+03
-1.477520019531250000e+03
-1.642930053710937500e+03
-1.489329956054687500e+03
-1.631250000000000000e+03
-1.477530029296875000e+03
-1.899339965820312500e+03
-1.652229980468750000e+03
-1.660250000000000000e+03
-1.663650024414062500e+03
-1.518859985351562500e+03
-1.538109985351562500e+03
-1.544930053710937500e+03
-1.770530029296875000e+03
-1.616920043945312500e+03
-1.787650024414062500e+03
-1.262449951171875000e+03
-1.750910034179687500e+03
-1.781619995117187500e+03
-1.935489990234375000e+03
-1.675410034179687500e+03
-1.537670043945312500e+03
-1.400790039062500000e+03
-1.398579956054687500e+03
-1.391800048828125000e+03
-1.533390014648437500e+03
-1.532719970703125000e+03
-1.796239990234375000e+03
-1.900089965820312500e+03
-1.657900024414062500e+03
-1.658130004882812500e+03
-1.655550048828125000e+03
-1.794670043945312500e+03
-1.794780029296875000e+03
-1.803140014648437500e+03
-1.539579956054687500e+03
-1.292910034179687500e+03
-1.551589965820312500e+03
-1.802109985351562500e+03
-1.602640014648437500e+03
-1.540619995117187500e+03
-1.401890014648437500e+03
-1.661050048828125000e+03
-1.786479980468750000e+03
-1.293739990234375000e+03
-1.551130004882812500e+03
-1.157449951171875000e+03
-1.264020019531250000e+03
-1.411089965820312500e+03
-1.786219970703125000e+03
-1.761540039062500000e+03
-1.281770019531250000e+03
-1.169189941406250000e+03
-1.120810058593750000e+03
-1.262959960937500000e+03
-1.159079956054687500e+03
-1.637770019531250000e+03
-1.481869995117187500e+03
-1.123589965820312500e+03
-1.395680053710937500e+03
-1.788609985351562500e+03
-1.761469970703125000e+03
-1.660650024414062500e+03
-1.280739990234375000e+03
-1.166689941406250000e+03
-1.268819946289062500e+03
-1.126989990234375000e+03
-1.786699951171875000e+03
-1.914949951171875000e+03
-1.655060058593750000e+03
-1.784099975585937500e+03
-1.524280029296875000e+03
-1.608859985351562500e+03
-1.777890014648437500e+03
-1.517989990234375000e+03
-1.787540039062500000e+03
-1.914869995117187500e+03
-1.655489990234375000e+03
-1.511719970703125000e+03
-1.348329956054687500e+03
-1.772449951171875000e+03
-1.613790039062500000e+03
-1.771890014648437500e+03
-1.745239990234375000e+03
-1.771219970703125000e+03
-1.619050048828125000e+03
-1.782569946289062500e+03
-1.522920043945312500e+03
-1.378449951171875000e+03
-1.211760009765625000e+03
-1.639339965820312500e+03
-1.480359985351562500e+03
-1.639199951171875000e+03
-1.639719970703125000e+03
-1.603109985351562500e+03
-1.484199951171875000e+03
-1.773890014648437500e+03
-1.615989990234375000e+03
-1.617849975585937500e+03
-1.459369995117187500e+03
-1.775270019531250000e+03
-1.618719970703125000e+03
-1.774479980468750000e+03
-1.618000000000000000e+03
-1.772219970703125000e+03
-1.442810058593750000e+03
-1.897560058593750000e+03
-1.615750000000000000e+03
-1.455130004882812500e+03
-1.619530029296875000e+03
-1.461619995117187500e+03
-1.780449951171875000e+03
-1.622310058593750000e+03
-1.778479980468750000e+03
-1.621150024414062500e+03
-1.625209960937500000e+03
-1.459280029296875000e+03
-1.903180053710937500e+03
-1.917650024414062500e+03
-1.762339965820312500e+03
-1.933089965820312500e+03
-1.264859985351562500e+03
-1.093989990234375000e+03
-1.410469970703125000e+03
-1.400469970703125000e+03
-1.243930053710937500e+03
-1.402030029296875000e+03
-1.791010009765625000e+03
-1.902819946289062500e+03
-1.790380004882812500e+03
-1.636510009765625000e+03
-1.776319946289062500e+03
-1.341959960937500000e+03
-1.516140014648437500e+03
-1.375430053710937500e+03
-1.243839965820312500e+03
-1.787750000000000000e+03
-1.632119995117187500e+03
-1.787859985351562500e+03
-1.902839965820312500e+03
-1.631359985351562500e+03
-1.150989990234375000e+03
-1.148400024414062500e+03
-1.776579956054687500e+03
-1.513260009765625000e+03
-1.780739990234375000e+03
-1.518239990234375000e+03
-1.787530029296875000e+03
-1.789609985351562500e+03
-1.633949951171875000e+03
-1.900219970703125000e+03
-1.782150024414062500e+03
-1.625209960937500000e+03
-1.269630004882812500e+03
-1.248979980468750000e+03
-1.228069946289062500e+03
-1.338979980468750000e+03
-1.245709960937500000e+03
-1.416300048828125000e+03
-1.678310058593750000e+03
-1.535790039062500000e+03
-1.904479980468750000e+03
-1.537439941406250000e+03
-1.657650024414062500e+03
-1.665489990234375000e+03
-1.659680053710937500e+03
-1.665339965820312500e+03
-1.372239990234375000e+03
-1.507420043945312500e+03
-1.530979980468750000e+03
-1.371709960937500000e+03
-1.523270019531250000e+03
-1.743650024414062500e+03
-1.365010009765625000e+03
-1.371800048828125000e+03
-1.204420043945312500e+03
-1.667660034179687500e+03
-1.511959960937500000e+03
-1.281479980468750000e+03
-1.416530029296875000e+03
-1.278989990234375000e+03
-1.272560058593750000e+03
-1.108390014648437500e+03
-1.749119995117187500e+03
-1.422770019531250000e+03
-1.659180053710937500e+03
-1.380760009765625000e+03
-1.516770019531250000e+03
-1.521709960937500000e+03
-1.632050048828125000e+03
-1.633219970703125000e+03
-1.497530029296875000e+03
-1.337150024414062500e+03
-1.187290039062500000e+03
-1.901109985351562500e+03
-1.505189941406250000e+03
-1.344810058593750000e+03
-1.497920043945312500e+03
-1.338920043945312500e+03
-1.346689941406250000e+03
-1.179930053710937500e+03
-1.635569946289062500e+03
-1.478869995117187500e+03
-1.534630004882812500e+03
-1.569439941406250000e+03
-1.900790039062500000e+03
-1.430709960937500000e+03
-1.585599975585937500e+03
-1.535900024414062500e+03
-1.325680053710937500e+03
-1.359160034179687500e+03
-1.378050048828125000e+03
-1.454579956054687500e+03
-1.311189941406250000e+03
-1.574890014648437500e+03
-1.364969970703125000e+03
-1.750869995117187500e+03
-1.911410034179687500e+03
-1.693510009765625000e+03
-1.694030029296875000e+03
-1.687280029296875000e+03
-1.732119995117187500e+03
-1.710760009765625000e+03
-1.712540039062500000e+03
-1.735239990234375000e+03
-1.716329956054687500e+03
-1.682880004882812500e+03
-1.707660034179687500e+03
-1.447479980468750000e+03
-1.575189941406250000e+03
-1.509540039062500000e+03
-1.681510009765625000e+03
-1.430479980468750000e+03
-1.686989990234375000e+03
-1.583800048828125000e+03
-1.579670043945312500e+03
-1.513839965820312500e+03
-1.532810058593750000e+03
-1.467540039062500000e+03
-1.608069946289062500e+03
-1.694390014648437500e+03
-1.717329956054687500e+03
-1.571290039062500000e+03
-1.673839965820312500e+03
-1.531319946289062500e+03
-1.715550048828125000e+03
-1.584630004882812500e+03
-1.719920043945312500e+03
-1.856829956054687500e+03
-1.580390014648437500e+03
-1.605920043945312500e+03
-1.516640014648437500e+03
-1.696510009765625000e+03
-1.490430053710937500e+03
-1.530540039062500000e+03
-1.658859985351562500e+03
-1.714430053710937500e+03
-1.710510009765625000e+03
-1.500359985351562500e+03
-1.509060058593750000e+03
-1.715650024414062500e+03
-1.755390014648437500e+03
-1.511160034179687500e+03
-1.651270019531250000e+03
-1.513689941406250000e+03
-1.575750000000000000e+03
-1.490079956054687500e+03
-1.581589965820312500e+03
-1.531760009765625000e+03
-1.569150024414062500e+03
-1.473630004882812500e+03
-1.499329956054687500e+03
-1.598569946289062500e+03
-1.577219970703125000e+03
-1.577680053710937500e+03
-1.373739990234375000e+03
-1.525839965820312500e+03
-1.200229980468750000e+03
-1.378199951171875000e+03
-1.488770019531250000e+03
-1.710180053710937500e+03
-1.505369995117187500e+03
-1.506060058593750000e+03
-1.439079956054687500e+03
-1.508989990234375000e+03
-1.470390014648437500e+03
-1.578530029296875000e+03
-1.374430053710937500e+03
-1.575410034179687500e+03
-1.576359985351562500e+03
-1.385239990234375000e+03
-1.514130004882812500e+03
-1.372160034179687500e+03
-1.713770019531250000e+03
-1.447479980468750000e+03
-1.575579956054687500e+03
-1.507130004882812500e+03
-1.720630004882812500e+03
-1.574880004882812500e+03
-1.711569946289062500e+03
-1.705849975585937500e+03
-1.547790039062500000e+03
-1.711750000000000000e+03
-1.713329956054687500e+03
-1.703439941406250000e+03
-1.764369995117187500e+03
-1.513209960937500000e+03
-1.707739990234375000e+03
-1.709709960937500000e+03
-1.700640014648437500e+03
-1.710689941406250000e+03
-1.543540039062500000e+03
-1.572060058593750000e+03
-1.503319946289062500e+03
-1.693770019531250000e+03
-1.693589965820312500e+03
-1.606489990234375000e+03
-1.846719970703125000e+03
-1.847670043945312500e+03
-1.720339965820312500e+03
-1.715579956054687500e+03
-1.541150024414062500e+03
-1.696439941406250000e+03
-1.647579956054687500e+03
-1.527709960937500000e+03
-1.706790039062500000e+03
-1.558569946289062500e+03
-1.761930053710937500e+03
-1.916969970703125000e+03
-1.741420043945312500e+03
-1.547699951171875000e+03
-1.712699951171875000e+03
-1.573800048828125000e+03
-1.574790039062500000e+03
-1.715719970703125000e+03
-1.574630004882812500e+03
-1.572439941406250000e+03
-1.846589965820312500e+03
-1.847739990234375000e+03
-1.848459960937500000e+03
-1.604329956054687500e+03
-1.710630004882812500e+03
-1.846849975585937500e+03
-1.845959960937500000e+03
-1.715030029296875000e+03
-1.712849975585937500e+03
-1.852750000000000000e+03
-1.714709960937500000e+03
-1.714780029296875000e+03
-1.568849975585937500e+03
-1.425030029296875000e+03
-1.608459960937500000e+03
-1.570770019531250000e+03
-1.570439941406250000e+03
-1.866949951171875000e+03
-1.463660034179687500e+03
-1.464900024414062500e+03
-1.602050048828125000e+03
-1.729650024414062500e+03
-1.585579956054687500e+03
-1.458239990234375000e+03
-1.610810058593750000e+03
-1.442239990234375000e+03
-1.850550048828125000e+03
-1.726569946289062500e+03
-1.726869995117187500e+03
-1.600579956054687500e+03
-1.726630004882812500e+03
-1.605989990234375000e+03
-1.850310058593750000e+03
-1.726010009765625000e+03
-1.743810058593750000e+03
-1.607359985351562500e+03
-1.902199951171875000e+03
-1.864229980468750000e+03
-1.724709960937500000e+03
-1.580609985351562500e+03
-1.581910034179687500e+03
-1.588000000000000000e+03
-1.728489990234375000e+03
-1.585290039062500000e+03
-1.590270019531250000e+03
-1.590229980468750000e+03
-1.590040039062500000e+03
-1.746719970703125000e+03
-1.865219970703125000e+03
-1.726640014648437500e+03
-1.721500000000000000e+03
-1.728410034179687500e+03
-1.720369995117187500e+03
-1.727030029296875000e+03
-1.853060058593750000e+03
-1.727050048828125000e+03
-1.727439941406250000e+03
-1.866880004882812500e+03
-1.277489990234375000e+03
-1.863319946289062500e+03
-1.720569946289062500e+03
-1.599060058593750000e+03
-1.722489990234375000e+03
-1.723770019531250000e+03
-1.583939941406250000e+03
-1.590780029296875000e+03
-1.603819946289062500e+03
-1.731089965820312500e+03
-1.861329956054687500e+03
-1.449199951171875000e+03
-1.726030029296875000e+03
-1.849530029296875000e+03
-1.850560058593750000e+03
-1.846750000000000000e+03
-1.743599975585937500e+03
-1.867060058593750000e+03
-1.408880004882812500e+03
-1.414660034179687500e+03
-1.417930053710937500e+03
-1.549260009765625000e+03
-1.283189941406250000e+03
-1.648410034179687500e+03
-1.559599975585937500e+03
-1.700699951171875000e+03
-1.544060058593750000e+03
-1.702199951171875000e+03
-1.544560058593750000e+03
-1.509180053710937500e+03
-1.510339965820312500e+03
-1.604989990234375000e+03
-1.864420043945312500e+03
-1.591489990234375000e+03
-1.582739990234375000e+03
-1.590760009765625000e+03
-1.584849975585937500e+03
-1.725400024414062500e+03
-1.848000000000000000e+03
-1.725089965820312500e+03
-1.406280029296875000e+03
-1.273689941406250000e+03
-1.413170043945312500e+03
-1.422050048828125000e+03
-1.763500000000000000e+03
-2.046510009765625000e+03
-1.642900024414062500e+03
-1.544189941406250000e+03
-1.412530029296875000e+03
-1.525050048828125000e+03
-1.651310058593750000e+03
-1.521739990234375000e+03
-1.557239990234375000e+03
-1.862810058593750000e+03
-1.721900024414062500e+03
-1.453510009765625000e+03
-1.610770019531250000e+03
-1.465910034179687500e+03
-1.588599975585937500e+03
-1.721810058593750000e+03
-1.727420043945312500e+03
-1.610530029296875000e+03
-1.458750000000000000e+03
-1.730770019531250000e+03
-1.585599975585937500e+03
-1.583760009765625000e+03
-1.722420043945312500e+03
-2.049550048828125000e+03
-1.846979980468750000e+03
-1.586430053710937500e+03
-1.605400024414062500e+03
-1.726040039062500000e+03
-1.726010009765625000e+03
-1.405329956054687500e+03
-1.661640014648437500e+03
-1.521300048828125000e+03
-1.395160034179687500e+03
-1.525140014648437500e+03
-1.908750000000000000e+03
-1.521560058593750000e+03
-1.530420043945312500e+03
-1.661829956054687500e+03
-1.647040039062500000e+03
-1.537439941406250000e+03
-1.665640014648437500e+03
-1.421579956054687500e+03
-1.696119995117187500e+03
-1.491750000000000000e+03
-1.849699951171875000e+03
-1.759050048828125000e+03
-1.695099975585937500e+03
-1.542040039062500000e+03
-1.844380004882812500e+03
-1.699280029296875000e+03
-1.543410034179687500e+03
-1.848780029296875000e+03
-1.699520019531250000e+03
-1.541369995117187500e+03
-1.646829956054687500e+03
-1.648939941406250000e+03
-1.906199951171875000e+03
-1.509030029296875000e+03
-1.644060058593750000e+03
-1.642500000000000000e+03
-1.513640014648437500e+03
-1.508989990234375000e+03
-1.709199951171875000e+03
-1.567329956054687500e+03
-1.573160034179687500e+03
-1.602410034179687500e+03
-1.861770019531250000e+03
-1.750099975585937500e+03
-1.575680053710937500e+03
-1.588030029296875000e+03
-1.722949951171875000e+03
-1.718060058593750000e+03
-1.402800048828125000e+03
-1.661699951171875000e+03
-1.392040039062500000e+03
-1.526569946289062500e+03
-1.650599975585937500e+03
-1.524290039062500000e+03
-1.450989990234375000e+03
-1.646880004882812500e+03
-1.649869995117187500e+03
-1.525550048828125000e+03
-1.535239990234375000e+03
-1.605050048828125000e+03
-1.579469970703125000e+03
-1.580300048828125000e+03
-1.581530029296875000e+03
-1.727469970703125000e+03
-1.589079956054687500e+03
-1.915630004882812500e+03
-1.587609985351562500e+03
-1.581770019531250000e+03
-1.722739990234375000e+03
-1.846329956054687500e+03
-1.724969970703125000e+03
-1.724939941406250000e+03
-1.863900024414062500e+03
-1.727300048828125000e+03
-1.720469970703125000e+03
-1.656569946289062500e+03
-1.774229980468750000e+03
-1.515170043945312500e+03
-1.376170043945312500e+03
-1.522680053710937500e+03
-1.378410034179687500e+03
-1.664969970703125000e+03
-1.522109985351562500e+03
-1.648000000000000000e+03
-1.522239990234375000e+03
-1.665089965820312500e+03
-1.407250000000000000e+03
-1.615949951171875000e+03
-2.046140014648437500e+03
-1.661160034179687500e+03
-1.516270019531250000e+03
-1.411689941406250000e+03
-1.521239990234375000e+03
-1.415099975585937500e+03
-1.643430053710937500e+03
-1.556989990234375000e+03
-1.696589965820312500e+03
-1.491510009765625000e+03
-1.701449951171875000e+03
-1.765390014648437500e+03
-1.698969970703125000e+03
-1.542150024414062500e+03
-1.644469970703125000e+03
-1.648729980468750000e+03
-1.515760009765625000e+03
-1.513660034179687500e+03
-1.702709960937500000e+03
-1.558400024414062500e+03
-1.508089965820312500e+03
-1.846739990234375000e+03
-1.612569946289062500e+03
-1.697989990234375000e+03
-1.545089965820312500e+03
-1.645939941406250000e+03
-1.649310058593750000e+03
-1.652250000000000000e+03
-1.650819946289062500e+03
-1.512150024414062500e+03
-1.712829956054687500e+03
-1.576479980468750000e+03
-1.510239990234375000e+03
-1.914369995117187500e+03
-1.367719970703125000e+03
-1.447609985351562500e+03
-1.724900024414062500e+03
-1.587540039062500000e+03
-1.849380004882812500e+03
-1.722670043945312500e+03
-1.720619995117187500e+03
-1.405150024414062500e+03
-1.664109985351562500e+03
-1.265810058593750000e+03
-2.050290039062500000e+03
-1.398479980468750000e+03
-1.653449951171875000e+03
-1.525589965820312500e+03
-1.527579956054687500e+03
-1.650839965820312500e+03
-1.524510009765625000e+03
-1.537920043945312500e+03
-1.452949951171875000e+03
-1.455060058593750000e+03
-1.587050048828125000e+03
-1.904969970703125000e+03
-1.869609985351562500e+03
-1.584729980468750000e+03
-1.728290039062500000e+03
-1.729109985351562500e+03
-1.585199951171875000e+03
-1.589170043945312500e+03
-1.723119995117187500e+03
-1.724439941406250000e+03
-1.722130004882812500e+03
-1.662109985351562500e+03
-1.747800048828125000e+03
-1.523060058593750000e+03
-1.525900024414062500e+03
-1.524130004882812500e+03
-1.665520019531250000e+03
-1.527510009765625000e+03
-1.651439941406250000e+03
-1.663430053710937500e+03
-1.381729980468750000e+03
-1.546780029296875000e+03
-1.522209960937500000e+03
-1.614030029296875000e+03
-1.279099975585937500e+03
-1.386560058593750000e+03
-1.526930053710937500e+03
-1.419650024414062500e+03
-1.523229980468750000e+03
-1.846729980468750000e+03
-1.571729980468750000e+03
-1.846640014648437500e+03
-1.717709960937500000e+03
-1.834449951171875000e+03
-1.447420043945312500e+03
-1.836810058593750000e+03
-1.848729980468750000e+03
-1.575810058593750000e+03
-1.846579956054687500e+03
-1.841790039062500000e+03
-1.724640014648437500e+03
-1.602579956054687500e+03
-1.460219970703125000e+03
-1.302020019531250000e+03
-1.863079956054687500e+03
-1.908130004882812500e+03
-1.716040039062500000e+03
-1.583829956054687500e+03
-1.576380004882812500e+03
-1.558579956054687500e+03
-1.422250000000000000e+03
-1.418390014648437500e+03
-1.724380004882812500e+03
-1.584949951171875000e+03
-1.725390014648437500e+03
-1.847880004882812500e+03
-2.050600097656250000e+03
-2.047329956054687500e+03
-1.844459960937500000e+03
-1.723640014648437500e+03
-1.849160034179687500e+03
-1.600050048828125000e+03
-1.458469970703125000e+03
-1.301280029296875000e+03
-1.860650024414062500e+03
-1.714979980468750000e+03
-1.579869995117187500e+03
-1.576449951171875000e+03
-1.908229980468750000e+03
-1.559030029296875000e+03
-1.421130004882812500e+03
-1.718790039062500000e+03
-1.720469970703125000e+03
-1.842530029296875000e+03
-1.724050048828125000e+03
-1.846689941406250000e+03
-1.397140014648437500e+03
-1.545290039062500000e+03
-1.845920043945312500e+03
-1.754979980468750000e+03
-1.847459960937500000e+03
-1.393329956054687500e+03
-1.645349975585937500e+03
-1.542250000000000000e+03
-1.584290039062500000e+03
-1.575189941406250000e+03
-1.425390014648437500e+03
-1.418410034179687500e+03
-1.585359985351562500e+03
-1.722949951171875000e+03
-1.905119995117187500e+03
-1.845609985351562500e+03
-1.721089965820312500e+03
-1.659130004882812500e+03
-1.511319946289062500e+03
-1.376469970703125000e+03
-1.353790039062500000e+03
-1.214630004882812500e+03
-1.518660034179687500e+03
-1.517160034179687500e+03
-1.644300048828125000e+03
-1.749780029296875000e+03
-1.842829956054687500e+03
-1.547949951171875000e+03
-1.393839965820312500e+03
-1.237380004882812500e+03
-1.848140014648437500e+03
-1.696050048828125000e+03
-1.542170043945312500e+03
-1.643550048828125000e+03
-1.361709960937500000e+03
-1.510439941406250000e+03
-1.773290039062500000e+03
-1.845910034179687500e+03
-1.849040039062500000e+03
-1.646619995117187500e+03
-1.370599975585937500e+03
-1.647079956054687500e+03
-1.519969970703125000e+03
-1.572699951171875000e+03
-1.414420043945312500e+03
-1.586369995117187500e+03
-1.848380004882812500e+03
-1.614510009765625000e+03
-1.719939941406250000e+03
-1.660989990234375000e+03
-1.513300048828125000e+03
-1.369469970703125000e+03
-1.352800048828125000e+03
-1.208760009765625000e+03
-1.517579956054687500e+03
-1.644680053710937500e+03
-1.842099975585937500e+03
-1.698660034179687500e+03
-1.763709960937500000e+03
-1.699020019531250000e+03
-1.843180053710937500e+03
-1.548800048828125000e+03
-1.844489990234375000e+03
-1.699579956054687500e+03
-1.544199951171875000e+03
-1.700699951171875000e+03
-1.701530029296875000e+03
-1.845380004882812500e+03
-1.845400024414062500e+03
-1.609650024414062500e+03
-1.546750000000000000e+03
-1.845020019531250000e+03
-1.841300048828125000e+03
-1.696079956054687500e+03
-1.540890014648437500e+03
-1.697390014648437500e+03
-1.696920043945312500e+03
-1.842000000000000000e+03
-1.546920043945312500e+03
-1.844680053710937500e+03
-2.047579956054687500e+03
-1.700900024414062500e+03
-1.846430053710937500e+03
-1.549510009765625000e+03
-1.848810058593750000e+03
-1.847869995117187500e+03
-1.840739990234375000e+03
-1.695849975585937500e+03
-1.393800048828125000e+03
-1.555500000000000000e+03
-1.555339965820312500e+03
-1.613130004882812500e+03
-1.915479980468750000e+03
-1.401229980468750000e+03
-1.540410034179687500e+03
-1.396319946289062500e+03
-1.234050048828125000e+03
-1.699150024414062500e+03
-1.696400024414062500e+03
-1.699079956054687500e+03
-1.695589965820312500e+03
-1.841479980468750000e+03
-1.698660034179687500e+03
-1.446630004882812500e+03
-1.841300048828125000e+03
-1.538410034179687500e+03
-1.545219970703125000e+03
-1.695500000000000000e+03
-1.693640014648437500e+03
-1.841380004882812500e+03
-1.544290039062500000e+03
-1.991949951171875000e+03
-1.421589965820312500e+03
-1.578439941406250000e+03
-1.908459960937500000e+03
-1.576390014648437500e+03
-1.568790039062500000e+03
-1.421770019531250000e+03
-1.577930053710937500e+03
-1.576849975585937500e+03
-1.417300048828125000e+03
-1.716770019531250000e+03
-1.849770019531250000e+03
-1.578069946289062500e+03
-1.851930053710937500e+03
-1.904939941406250000e+03
-1.852560058593750000e+03
-1.730640014648437500e+03
-1.720520019531250000e+03
-1.713290039062500000e+03
-1.587579956054687500e+03
-1.710689941406250000e+03
-1.578729980468750000e+03
-1.852140014648437500e+03
-1.854699951171875000e+03
-1.719989990234375000e+03
-1.749390014648437500e+03
-1.554000000000000000e+03
-1.423319946289062500e+03
-1.853989990234375000e+03
-1.726390014648437500e+03
-1.719920043945312500e+03
-1.849989990234375000e+03
-1.712540039062500000e+03
-1.586180053710937500e+03
-1.706130004882812500e+03
-1.576729980468750000e+03
-1.613540039062500000e+03
-1.852599975585937500e+03
-1.553339965820312500e+03
-1.422170043945312500e+03
-1.726170043945312500e+03
-1.719689941406250000e+03
-1.710010009765625000e+03
-1.582930053710937500e+03
-1.723219970703125000e+03
-1.992089965820312500e+03
-1.853589965820312500e+03
-1.455459960937500000e+03
-1.850959960937500000e+03
-1.725260009765625000e+03
-1.727500000000000000e+03
-1.721189941406250000e+03
-1.715780029296875000e+03
-1.991660034179687500e+03
-1.861219970703125000e+03
-1.850479980468750000e+03
-1.724079956054687500e+03
-1.848589965820312500e+03
-1.771020019531250000e+03
-1.722119995117187500e+03
-1.990670043945312500e+03
-1.995550048828125000e+03
-1.860199951171875000e+03
-1.694239990234375000e+03
-1.564199951171875000e+03
-1.995119995117187500e+03
-1.869339965820312500e+03
-1.861900024414062500e+03
-1.566099975585937500e+03
-1.614339965820312500e+03
-1.715949951171875000e+03
-1.561699951171875000e+03
-1.697890014648437500e+03
-1.558150024414062500e+03
-1.431150024414062500e+03
-1.556660034179687500e+03
-1.427609985351562500e+03
-1.698469970703125000e+03
-1.701239990234375000e+03
-1.566329956054687500e+03
-1.904010009765625000e+03
-1.405239990234375000e+03
-1.260650024414062500e+03
-1.701380004882812500e+03
-1.573219970703125000e+03
-1.567939941406250000e+03
-1.851530029296875000e+03
-1.851449951171875000e+03
-1.726349975585937500e+03
-1.851849975585937500e+03
-1.728270019531250000e+03
-1.909400024414062500e+03
-2.065770019531250000e+03
-1.718790039062500000e+03
-1.850910034179687500e+03
-1.850640014648437500e+03
-1.727170043945312500e+03
-1.718079956054687500e+03
-1.723599975585937500e+03
-1.715939941406250000e+03
-1.990140014648437500e+03
-1.850650024414062500e+03
-1.724599975585937500e+03
-1.754540039062500000e+03
-1.991709960937500000e+03
-1.861739990234375000e+03
-1.992800048828125000e+03
-1.868500000000000000e+03
-1.861199951171875000e+03
-1.990380004882812500e+03
-1.861040039062500000e+03
-1.697890014648437500e+03
-1.696859985351562500e+03
-1.571229980468750000e+03
-1.909989990234375000e+03
-1.565329956054687500e+03
-1.850010009765625000e+03
-1.723630004882812500e+03
-1.849260009765625000e+03
-1.722739990234375000e+03
-1.991339965820312500e+03
-1.996760009765625000e+03
-1.861520019531250000e+03
-1.695670043945312500e+03
-1.564199951171875000e+03
-1.906839965820312500e+03
-1.994910034179687500e+03
-1.869109985351562500e+03
-1.861760009765625000e+03
-1.983349975585937500e+03
-1.840089965820312500e+03
-1.846839965820312500e+03
-1.839520019531250000e+03
-1.982750000000000000e+03
-1.845150024414062500e+03
-1.984339965820312500e+03
-1.750239990234375000e+03
-1.983719970703125000e+03
-1.685319946289062500e+03
-1.844660034179687500e+03
-1.847050048828125000e+03
-1.984660034179687500e+03
-1.545569946289062500e+03
-1.544939941406250000e+03
-1.545310058593750000e+03
-1.541819946289062500e+03
-1.545170043945312500e+03
-1.900689941406250000e+03
-1.685550048828125000e+03
-1.686619995117187500e+03
-1.384560058593750000e+03
-1.392300048828125000e+03
-1.543819946289062500e+03
-1.543150024414062500e+03
-1.685760009765625000e+03
-1.388069946289062500e+03
-1.686250000000000000e+03
-1.986540039062500000e+03
-1.745430053710937500e+03
-1.418099975585937500e+03
-1.410660034179687500e+03
-1.577589965820312500e+03
-1.417010009765625000e+03
-1.700900024414062500e+03
-1.421469970703125000e+03
-1.704089965820312500e+03
-1.708979980468750000e+03
-1.550920043945312500e+03
-1.584589965820312500e+03
-2.047430053710937500e+03
-1.424250000000000000e+03
-1.705550048828125000e+03
-1.547750000000000000e+03
-1.703050048828125000e+03
-1.582390014648437500e+03
-1.423079956054687500e+03
-1.705280029296875000e+03
-1.547650024414062500e+03
-1.702770019531250000e+03
-1.423739990234375000e+03
-1.892910034179687500e+03
-1.552099975585937500e+03
-1.707000000000000000e+03
-1.557979980468750000e+03
-1.847410034179687500e+03
-1.846979980468750000e+03
-1.693000000000000000e+03
-1.723939941406250000e+03
-1.563680053710937500e+03
-1.849150024414062500e+03
-1.691770019531250000e+03
-1.586900024414062500e+03
-1.846900024414062500e+03
-1.715739990234375000e+03
-1.559650024414062500e+03
-1.847160034179687500e+03
-1.690729980468750000e+03
-1.427949951171875000e+03
-1.265000000000000000e+03
-1.551170043945312500e+03
-1.391469970703125000e+03
-1.548189941406250000e+03
-2.052189941406250000e+03
-2.047119995117187500e+03
-1.703609985351562500e+03
-1.704660034179687500e+03
-1.558939941406250000e+03
-1.995560058593750000e+03
-1.851369995117187500e+03
-1.693160034179687500e+03
-1.846900024414062500e+03
-1.850030029296875000e+03
-1.848589965820312500e+03
-1.692829956054687500e+03
-1.910459960937500000e+03
-1.869000000000000000e+03
-1.724390014648437500e+03
-1.563949951171875000e+03
-1.994550048828125000e+03
-1.848219970703125000e+03
-1.691420043945312500e+03
-1.846219970703125000e+03
-1.390010009765625000e+03
-1.392939941406250000e+03
-1.388729980468750000e+03
-1.752400024414062500e+03
-1.380829956054687500e+03
-1.385719970703125000e+03
-1.530369995117187500e+03
-1.392180053710937500e+03
-1.533849975585937500e+03
-1.651839965820312500e+03
-1.527339965820312500e+03
-1.531790039062500000e+03
-1.393270019531250000e+03
-1.655089965820312500e+03
-1.906699951171875000e+03
-1.522609985351562500e+03
-1.533229980468750000e+03
-1.529719970703125000e+03
-1.387209960937500000e+03
-1.652520019531250000e+03
-1.522310058593750000e+03
-1.532339965820312500e+03
-1.536800048828125000e+03
-1.528920043945312500e+03
-1.678569946289062500e+03
-1.749770019531250000e+03
-1.795050048828125000e+03
-1.664609985351562500e+03
-1.670719970703125000e+03
-1.532010009765625000e+03
-1.796310058593750000e+03
-1.664609985351562500e+03
-1.676760009765625000e+03
-1.529579956054687500e+03
-1.662359985351562500e+03
-1.369670043945312500e+03
-2.046099975585937500e+03
-1.233270019531250000e+03
-1.500810058593750000e+03
-1.364020019531250000e+03
-1.378219970703125000e+03
-1.533339965820312500e+03
-1.531530029296875000e+03
-1.527670043945312500e+03
-1.797880004882812500e+03
-1.667709960937500000e+03
-1.678479980468750000e+03
-1.890910034179687500e+03
-1.793000000000000000e+03
-1.660290039062500000e+03
-1.670939941406250000e+03
-1.532250000000000000e+03
-1.796550048828125000e+03
-1.665800048828125000e+03
-1.676250000000000000e+03
-1.785660034179687500e+03
-1.680839965820312500e+03
-1.836939941406250000e+03
-1.754770019531250000e+03
-1.690930053710937500e+03
-1.573839965820312500e+03
-1.579469970703125000e+03
-1.532439941406250000e+03
-1.697040039062500000e+03
-1.697079956054687500e+03
-1.715010009765625000e+03
-1.838290039062500000e+03
-1.848969970703125000e+03
-1.846739990234375000e+03
-1.589030029296875000e+03
-1.725410034179687500e+03
-1.847069946289062500e+03
-1.368060058593750000e+03
-1.367670043945312500e+03
-1.510130004882812500e+03
-1.646750000000000000e+03
-1.643219970703125000e+03
-1.512800048828125000e+03
-1.645180053710937500e+03
-1.986420043945312500e+03
-2.050469970703125000e+03
-1.421319946289062500e+03
-1.693310058593750000e+03
-1.535520019531250000e+03
-1.376910034179687500e+03
-1.705930053710937500e+03
-1.848060058593750000e+03
-1.705310058593750000e+03
-1.700880004882812500e+03
-1.542130004882812500e+03
-1.706300048828125000e+03
-2.046880004882812500e+03
-2.069399902343750000e+03
-1.703910034179687500e+03
-1.545089965820312500e+03
-1.584040039062500000e+03
-1.426270019531250000e+03
-1.718829956054687500e+03
-1.853290039062500000e+03
-1.695800048828125000e+03
-1.989699951171875000e+03
-1.851800048828125000e+03
-1.841449951171875000e+03
-1.891760009765625000e+03
-1.683199951171875000e+03
-1.710939941406250000e+03
-1.554329956054687500e+03
-1.850849975585937500e+03
-1.847050048828125000e+03
-1.692040039062500000e+03
-1.729140014648437500e+03
-1.868739990234375000e+03
-1.727900024414062500e+03
-1.571760009765625000e+03
-1.748270019531250000e+03
-1.723270019531250000e+03
-1.566270019531250000e+03
-1.852219970703125000e+03
-1.993900024414062500e+03
-1.851040039062500000e+03
-1.698609985351562500e+03
-1.849939941406250000e+03
-1.695410034179687500e+03
-1.844170043945312500e+03
-1.839369995117187500e+03
-1.902199951171875000e+03
-1.681810058593750000e+03
-1.847699951171875000e+03
-1.988069946289062500e+03
-1.850719970703125000e+03
-1.839910034179687500e+03
-1.681630004882812500e+03
-1.787780029296875000e+03
-1.390900024414062500e+03
-1.505310058593750000e+03
-1.648520019531250000e+03
-1.746459960937500000e+03
-1.541050048828125000e+03
-1.512459960937500000e+03
-1.651319946289062500e+03
-1.539550048828125000e+03
-1.515290039062500000e+03
-1.520670043945312500e+03
-1.391459960937500000e+03
-1.536260009765625000e+03
-1.789349975585937500e+03
-1.799099975585937500e+03
-1.746829956054687500e+03
-1.665780029296875000e+03
-1.686219970703125000e+03
-1.653819946289062500e+03
-1.792510009765625000e+03
-1.650209960937500000e+03
-1.525390014648437500e+03
-1.671109985351562500e+03
-1.661810058593750000e+03
-1.670739990234375000e+03
-1.672589965820312500e+03
-1.589939941406250000e+03
-1.540989990234375000e+03
-1.536119995117187500e+03
-1.796859985351562500e+03
-1.798069946289062500e+03
-1.672099975585937500e+03
-1.662489990234375000e+03
-1.651550048828125000e+03
-1.683469970703125000e+03
-1.651979980468750000e+03
-1.781969970703125000e+03
-1.762719970703125000e+03
-1.656280029296875000e+03
-1.787979980468750000e+03
-1.781760009765625000e+03
-1.648380004882812500e+03
-1.538250000000000000e+03
-1.838660034179687500e+03
-1.849569946289062500e+03
-1.634739990234375000e+03
-1.520959960937500000e+03
-1.648420043945312500e+03
-1.619030029296875000e+03
-1.840869995117187500e+03
-1.699060058593750000e+03
-1.719239990234375000e+03
-1.847500000000000000e+03
-1.849250000000000000e+03
-1.840699951171875000e+03
-1.517000000000000000e+03
-1.649390014648437500e+03
-1.649239990234375000e+03
-1.635130004882812500e+03
-1.458780029296875000e+03
-1.492979980468750000e+03
-1.514819946289062500e+03
-1.643939941406250000e+03
-1.647819946289062500e+03
-1.650969970703125000e+03
-1.839449951171875000e+03
-1.698719970703125000e+03
-1.721469970703125000e+03
-1.848089965820312500e+03
-1.634430053710937500e+03
-1.615689941406250000e+03
-2.065250000000000000e+03
-1.493270019531250000e+03
-1.517439941406250000e+03
-1.645000000000000000e+03
-1.564260009765625000e+03
-1.405849975585937500e+03
-1.562729980468750000e+03
-1.401020019531250000e+03
-1.545229980468750000e+03
-1.588319946289062500e+03
-1.428680053710937500e+03
-1.455319946289062500e+03
-1.580849975585937500e+03
-1.424390014648437500e+03
-1.867810058593750000e+03
-1.427719970703125000e+03
-1.259439941406250000e+03
-1.724239990234375000e+03
-1.568979980468750000e+03
-1.704459960937500000e+03
-1.545880004882812500e+03
-1.385079956054687500e+03
-1.898540039062500000e+03
-1.853670043945312500e+03
-1.711810058593750000e+03
-1.553050048828125000e+03
-1.708510009765625000e+03
-1.552630004882812500e+03
-1.994130004882812500e+03
-1.849640014648437500e+03
-1.692209960937500000e+03
-1.554790039062500000e+03
-1.388300048828125000e+03
-1.752079956054687500e+03
-1.852780029296875000e+03
-1.850180053710937500e+03
-1.695099975585937500e+03
-1.700729980468750000e+03
-1.542869995117187500e+03
-1.846810058593750000e+03
-1.849439941406250000e+03
-1.708449951171875000e+03
-1.550609985351562500e+03
-1.850050048828125000e+03
-1.593660034179687500e+03
-1.707699951171875000e+03
-1.546829956054687500e+03
-1.987810058593750000e+03
-1.850199951171875000e+03
-1.988560058593750000e+03
-1.842959960937500000e+03
-1.684979980468750000e+03
-1.843609985351562500e+03
-1.987300048828125000e+03
-1.843660034179687500e+03
-1.465040039062500000e+03
-1.689020019531250000e+03
-1.841430053710937500e+03
-1.686099975585937500e+03
-1.789000000000000000e+03
-1.378510009765625000e+03
-1.371660034179687500e+03
-1.515319946289062500e+03
-1.669790039062500000e+03
-1.527530029296875000e+03
-1.395369995117187500e+03
-1.263339965820312500e+03
-1.529060058593750000e+03
-1.395520019531250000e+03
-1.671520019531250000e+03
-1.368020019531250000e+03
-1.232579956054687500e+03
-1.543839965820312500e+03
-1.539750000000000000e+03
-1.795380004882812500e+03
-1.520520019531250000e+03
-1.652290039062500000e+03
-1.898910034179687500e+03
-1.524400024414062500e+03
-1.651849975585937500e+03
-1.524609985351562500e+03
-1.796650024414062500e+03
-1.801359985351562500e+03
-1.663050048828125000e+03
-1.494619995117187500e+03
-1.362800048828125000e+03
-1.799270019531250000e+03
-1.673869995117187500e+03
-1.755160034179687500e+03
-1.665670043945312500e+03
-1.512969970703125000e+03
-1.648430053710937500e+03
-1.524160034179687500e+03
-1.649040039062500000e+03
-1.517489990234375000e+03
-1.789949951171875000e+03
-1.655430053710937500e+03
-1.791560058593750000e+03
-1.659609985351562500e+03
-1.600329956054687500e+03
-1.654939941406250000e+03
-1.776510009765625000e+03
-1.636560058593750000e+03
-1.785199951171875000e+03
-1.785209960937500000e+03
-1.227060058593750000e+03
-1.393369995117187500e+03
-1.228939941406250000e+03
-1.497869995117187500e+03
-1.396280029296875000e+03
-1.753079956054687500e+03
-2.048439941406250000e+03
-1.232290039062500000e+03
-1.526010009765625000e+03
-1.363619995117187500e+03
-1.517589965820312500e+03
-1.358060058593750000e+03
-1.652689941406250000e+03
-1.494089965820312500e+03
-1.528380004882812500e+03
-1.366650024414062500e+03
-1.653930053710937500e+03
-1.597000000000000000e+03
-1.492359985351562500e+03
-1.650579956054687500e+03
-1.532119995117187500e+03
-1.373310058593750000e+03
-1.683489990234375000e+03
-1.538530029296875000e+03
-1.374780029296875000e+03
-1.642180053710937500e+03
-1.533569946289062500e+03
-1.536060058593750000e+03
-2.050010009765625000e+03
-1.377859985351562500e+03
-1.837119995117187500e+03
-1.689150024414062500e+03
-1.535359985351562500e+03
-1.635079956054687500e+03
-1.637219970703125000e+03
-1.507079956054687500e+03
-1.623520019531250000e+03
-1.630890014648437500e+03
-1.839260009765625000e+03
-1.910540039062500000e+03
-1.837650024414062500e+03
-1.835680053710937500e+03
-1.640729980468750000e+03
-1.636660034179687500e+03
-1.631000000000000000e+03
-1.511160034179687500e+03
-1.857180053710937500e+03
-1.718979980468750000e+03
-1.580849975585937500e+03
-1.580760009765625000e+03
-1.752349975585937500e+03
-1.839849975585937500e+03
-1.570150024414062500e+03
-1.716270019531250000e+03
-1.839079956054687500e+03
-1.715760009765625000e+03
-1.393650024414062500e+03
-1.656579956054687500e+03
-1.516520019531250000e+03
-1.389310058593750000e+03
-1.651310058593750000e+03
-1.913219970703125000e+03
-1.510719970703125000e+03
-1.634050048828125000e+03
-1.515239990234375000e+03
-1.639229980468750000e+03
-1.636479980468750000e+03
-1.509489990234375000e+03
-1.638170043945312500e+03
-1.512160034179687500e+03
-1.513750000000000000e+03
-1.837510009765625000e+03
-2.050360107421875000e+03
-1.633099975585937500e+03
-1.836170043945312500e+03
-1.838280029296875000e+03
-1.634579956054687500e+03
-1.635489990234375000e+03
-1.632859985351562500e+03
-1.634599975585937500e+03
-1.638949951171875000e+03
-1.836250000000000000e+03
-1.695819946289062500e+03
-1.912619995117187500e+03
-1.694599975585937500e+03
-1.837869995117187500e+03
-1.632420043945312500e+03
-1.489800048828125000e+03
-1.491060058593750000e+03
-1.633640014648437500e+03
-1.705989990234375000e+03
-1.548030029296875000e+03
-1.708189941406250000e+03
-1.845229980468750000e+03
-1.758479980468750000e+03
-1.707420043945312500e+03
-1.552410034179687500e+03
-1.699709960937500000e+03
-1.542930053710937500e+03
-1.708569946289062500e+03
-1.846880004882812500e+03
-1.703969970703125000e+03
-1.551069946289062500e+03
-1.701380004882812500e+03
-1.543689941406250000e+03
-1.904810058593750000e+03
-1.703969970703125000e+03
-1.539910034179687500e+03
-1.692180053710937500e+03
-1.534109985351562500e+03
-1.844869995117187500e+03
-1.708550048828125000e+03
-1.547880004882812500e+03
-1.839390014648437500e+03
-1.679869995117187500e+03
-1.843180053710937500e+03
-1.748319946289062500e+03
-2.066040039062500000e+03
-1.673890014648437500e+03
-1.983949951171875000e+03
-1.842760009765625000e+03
-1.686969970703125000e+03
-1.839560058593750000e+03
-1.684449951171875000e+03
-1.372729980468750000e+03
-1.842089965820312500e+03
-1.699949951171875000e+03
-1.542069946289062500e+03
-1.698180053710937500e+03
-1.911189941406250000e+03
-1.540439941406250000e+03
-1.842270019531250000e+03
-1.984449951171875000e+03
-1.837900024414062500e+03
-1.682780029296875000e+03
-1.541949951171875000e+03
-1.375189941406250000e+03
-1.841250000000000000e+03
-1.983219970703125000e+03
-1.840959960937500000e+03
-2.048010009765625000e+03
-1.689489990234375000e+03
-1.838390014648437500e+03
-1.682719970703125000e+03
-1.783810058593750000e+03
-1.646550048828125000e+03
-1.646079956054687500e+03
-1.522239990234375000e+03
-1.646729980468750000e+03
-1.525800048828125000e+03
-1.514010009765625000e+03
-1.905449951171875000e+03
-1.648500000000000000e+03
-1.648630004882812500e+03
-1.521260009765625000e+03
-1.515189941406250000e+03
-1.512199951171875000e+03
-1.505560058593750000e+03
-1.786150024414062500e+03
-1.647920043945312500e+03
-1.523550048828125000e+03
-1.786829956054687500e+03
-1.757300048828125000e+03
-1.652849975585937500e+03
-1.788339965820312500e+03
-1.659270019531250000e+03
-1.653020019531250000e+03
-1.640130004882812500e+03
-1.512390014648437500e+03
-1.639640014648437500e+03
-1.513040039062500000e+03
-1.786040039062500000e+03
-1.790189941406250000e+03
-1.904030029296875000e+03
-1.652609985351562500e+03
-1.482560058593750000e+03
-1.350709960937500000e+03
-1.786479980468750000e+03
-1.660530029296875000e+03
-1.653630004882812500e+03
-1.774790039062500000e+03
-1.637430053710937500e+03
-1.783699951171875000e+03
-1.635479980468750000e+03
-1.747729980468750000e+03
-1.635140014648437500e+03
-1.775040039062500000e+03
-1.493160034179687500e+03
-1.345160034179687500e+03
-1.641989990234375000e+03
-1.646050048828125000e+03
-1.640020019531250000e+03
-1.481500000000000000e+03
-1.512270019531250000e+03
-1.350939941406250000e+03
-1.909060058593750000e+03
-1.640219970703125000e+03
-1.482069946289062500e+03
-1.635750000000000000e+03
-1.632189941406250000e+03
-1.536160034179687500e+03
-1.540829956054687500e+03
-1.680800048828125000e+03
-1.538750000000000000e+03
-1.381229980468750000e+03
-1.534510009765625000e+03
-1.752369995117187500e+03
-1.376319946289062500e+03
-1.634750000000000000e+03
-1.475099975585937500e+03
-1.639770019531250000e+03
-1.783540039062500000e+03
-1.642859985351562500e+03
-1.635589965820312500e+03
-1.477229980468750000e+03
-1.423729980468750000e+03
-1.438750000000000000e+03
-1.901449951171875000e+03
-1.437729980468750000e+03
-1.557229980468750000e+03
-1.719319946289062500e+03
-1.578939941406250000e+03
-1.717380004882812500e+03
-1.511660034179687500e+03
-1.512609985351562500e+03
-1.504800048828125000e+03
-1.429630004882812500e+03
-1.554699951171875000e+03
-1.745349975585937500e+03
-2.045449951171875000e+03
-1.712619995117187500e+03
-1.581020019531250000e+03
-1.504589965820312500e+03
-1.374640014648437500e+03
-1.716479980468750000e+03
-1.574489990234375000e+03
-1.509459960937500000e+03
-1.500150024414062500e+03
-1.366130004882812500e+03
-1.510239990234375000e+03
-2.050560058593750000e+03
-1.224569946289062500e+03
-1.345709960937500000e+03
-1.370319946289062500e+03
-1.697449951171875000e+03
-1.697099975585937500e+03
-1.492770019531250000e+03
-1.496380004882812500e+03
-1.700229980468750000e+03
-1.542949951171875000e+03
-1.515270019531250000e+03
-1.911310058593750000e+03
-1.495780029296875000e+03
-1.713900024414062500e+03
-1.580880004882812500e+03
-1.505949951171875000e+03
-1.371209960937500000e+03
-1.719530029296875000e+03
-1.596859985351562500e+03
-1.406099975585937500e+03
-1.518510009765625000e+03
-1.396189941406250000e+03
-1.754969970703125000e+03
-1.423510009765625000e+03
-1.421430053710937500e+03
-1.701339965820312500e+03
-1.546449951171875000e+03
-1.702170043945312500e+03
-1.548729980468750000e+03
-1.700930053710937500e+03
-1.549640014648437500e+03
-1.513150024414062500e+03
-1.515869995117187500e+03
-2.046050048828125000e+03
-1.517849975585937500e+03
-1.718920043945312500e+03
-1.594949951171875000e+03
-1.456030029296875000e+03
-1.576630004882812500e+03
-1.517760009765625000e+03
-1.389390014648437500e+03
-1.240219970703125000e+03
-1.370349975585937500e+03
-1.581939941406250000e+03
-1.890319946289062500e+03
-1.588630004882812500e+03
-1.724729980468750000e+03
-1.669479980468750000e+03
-1.271540039062500000e+03
-1.409619995117187500e+03
-1.400349975585937500e+03
-1.528390014648437500e+03
-1.406439941406250000e+03
-1.545390014648437500e+03
-1.490849975585937500e+03
-2.050149902343750000e+03
-1.873280029296875000e+03
-1.746040039062500000e+03
-1.600930053710937500e+03
-1.607719970703125000e+03
-1.589420043945312500e+03
-1.587010009765625000e+03
-1.587869995117187500e+03
-1.731400024414062500e+03
-1.725959960937500000e+03
-1.729770019531250000e+03
-2.049239990234375000e+03
-1.282550048828125000e+03
-1.553660034179687500e+03
-1.411359985351562500e+03
-1.412130004882812500e+03
-1.665589965820312500e+03
-1.536189941406250000e+03
-1.416949951171875000e+03
-1.544599975585937500e+03
-1.668939941406250000e+03
-1.238900024414062500e+03
-1.897520019531250000e+03
-1.384180053710937500e+03
-1.524770019531250000e+03
-1.275069946289062500e+03
-1.666589965820312500e+03
-1.538310058593750000e+03
-1.280500000000000000e+03
-1.405829956054687500e+03
-1.390239990234375000e+03
-1.404670043945312500e+03
-1.527109985351562500e+03
-2.045859985351562500e+03
-1.528170043945312500e+03
-1.212780029296875000e+03
-1.494750000000000000e+03
-1.339890014648437500e+03
-1.497780029296875000e+03
-1.344790039062500000e+03
-1.499709960937500000e+03
-1.341750000000000000e+03
-1.511280029296875000e+03
-1.385890014648437500e+03
-1.891530029296875000e+03
-2.047119995117187500e+03
-1.517140014648437500e+03
-1.397030029296875000e+03
-1.396760009765625000e+03
-1.527089965820312500e+03
-1.524729980468750000e+03
-1.520180053710937500e+03
-1.385390014648437500e+03
-1.237660034179687500e+03
-1.407520019531250000e+03
-1.413130004882812500e+03
-1.586979980468750000e+03
-1.413020019531250000e+03
-1.699599975585937500e+03
-1.546800048828125000e+03
-1.647910034179687500e+03
-1.389469970703125000e+03
-1.518239990234375000e+03
-1.649239990234375000e+03
-1.389699951171875000e+03
-1.524469970703125000e+03
-1.865599975585937500e+03
-2.049810058593750000e+03
-1.734729980468750000e+03
-1.600290039062500000e+03
-1.463989990234375000e+03
-1.461510009765625000e+03
-1.451790039062500000e+03
-1.593630004882812500e+03
-1.592000000000000000e+03
-1.725969970703125000e+03
-1.588130004882812500e+03
-1.587859985351562500e+03
-2.046709960937500000e+03
-1.585060058593750000e+03
-1.724630004882812500e+03
-1.724469970703125000e+03
-1.399640014648437500e+03
-1.273670043945312500e+03
-1.662199951171875000e+03
-1.529280029296875000e+03
-1.393069946289062500e+03
-1.389219970703125000e+03
-1.522290039062500000e+03
-1.891500000000000000e+03
-1.522319946289062500e+03
-1.398949951171875000e+03
-1.272839965820312500e+03
-1.660800048828125000e+03
-1.527890014648437500e+03
-1.392020019531250000e+03
-1.391390014648437500e+03
-1.519050048828125000e+03
-1.524829956054687500e+03
-1.647270019531250000e+03
-1.758380004882812500e+03
-1.399239990234375000e+03
-1.387839965820312500e+03
-1.522599975585937500e+03
-1.646550048828125000e+03
-1.521010009765625000e+03
-1.204619995117187500e+03
-1.494910034179687500e+03
-1.339640014648437500e+03
-1.385719970703125000e+03
-1.650000000000000000e+03
-1.897800048828125000e+03
-1.519219970703125000e+03
-1.642189941406250000e+03
-1.844619995117187500e+03
-1.714640014648437500e+03
-1.644439941406250000e+03
-1.513719970703125000e+03
-1.641319946289062500e+03
-1.511160034179687500e+03
-1.647699951171875000e+03
-1.844560058593750000e+03
-1.755500000000000000e+03
-1.715050048828125000e+03
-1.414020019531250000e+03
-1.574869995117187500e+03
-1.418449951171875000e+03
-1.702270019531250000e+03
-1.542739990234375000e+03
-1.700359985351562500e+03
-1.700579956054687500e+03
-1.547400024414062500e+03
-1.641430053710937500e+03
-1.607989990234375000e+03
-1.511500000000000000e+03
-1.205420043945312500e+03
-1.368520019531250000e+03
-1.208949951171875000e+03
-1.498650024414062500e+03
-1.335750000000000000e+03
-1.494430053710937500e+03
-1.494260009765625000e+03
-1.339599975585937500e+03
-1.259000000000000000e+03
-1.751290039062500000e+03
-1.420670043945312500e+03
-1.250609985351562500e+03
-1.255760009765625000e+03
-1.419310058593750000e+03
-1.255130004882812500e+03
-1.561869995117187500e+03
-1.704479980468750000e+03
-1.546369995117187500e+03
-1.548359985351562500e+03
-1.389530029296875000e+03
-1.583420043945312500e+03
-2.045979980468750000e+03
-1.703719970703125000e+03
-1.547180053710937500e+03
-1.703410034179687500e+03
-1.546750000000000000e+03
-1.700430053710937500e+03
-1.543280029296875000e+03
-1.384790039062500000e+03
-1.547630004882812500e+03
-1.389280029296875000e+03
-1.709939941406250000e+03
-2.049800048828125000e+03
-1.551719970703125000e+03
-1.708020019531250000e+03
-1.550550048828125000e+03
-1.554709960937500000e+03
-1.388680053710937500e+03
-1.847410034179687500e+03
-1.692030029296875000e+03
-1.792459960937500000e+03
-1.390930053710937500e+03
-1.229430053710937500e+03
-2.051870117187500000e+03
-1.530599975585937500e+03
-1.519520019531250000e+03
-1.363719970703125000e+03
-1.517469970703125000e+03
-1.517020019531250000e+03
-1.514310058593750000e+03
-1.361250000000000000e+03
-1.649989990234375000e+03
-1.523619995117187500e+03
-1.650609985351562500e+03
-1.909979980468750000e+03
-1.522869995117187500e+03
-1.495540039062500000e+03
-1.363750000000000000e+03
-1.662189941406250000e+03
-1.222680053710937500e+03
-1.229189941406250000e+03
-1.517689941406250000e+03
-1.358729980468750000e+03
-1.503000000000000000e+03
-1.502540039062500000e+03
-1.751920043945312500e+03
-1.356739990234375000e+03
-1.648689941406250000e+03
-1.490920043945312500e+03
-1.524760009765625000e+03
-1.363760009765625000e+03
-1.649250000000000000e+03
-1.490910034179687500e+03
-1.646380004882812500e+03
-1.636060058593750000e+03
-1.502520019531250000e+03
-2.048729980468750000e+03
-1.388270019531250000e+03
-1.518189941406250000e+03
-1.527170043945312500e+03
-1.648229980468750000e+03
-1.227989990234375000e+03
-1.345930053710937500e+03
-1.524469970703125000e+03
-1.367410034179687500e+03
-1.650489990234375000e+03
-1.495739990234375000e+03
-1.907890014648437500e+03
-1.638619995117187500e+03
-1.480180053710937500e+03
-1.531109985351562500e+03
-1.538189941406250000e+03
-1.529250000000000000e+03
-1.539550048828125000e+03
-1.233670043945312500e+03
-1.374260009765625000e+03
-1.404390014648437500e+03
-1.242479980468750000e+03
-1.750800048828125000e+03
-1.397910034179687500e+03
-1.239160034179687500e+03
-1.243969970703125000e+03
-1.075219970703125000e+03
-1.540739990234375000e+03
-1.385489990234375000e+03
-1.414699951171875000e+03
-1.405430053710937500e+03
-1.433699951171875000e+03
-1.244349975585937500e+03
-2.050889892578125000e+03
-1.255839965820312500e+03
-1.399930053710937500e+03
-1.423930053710937500e+03
-1.159619995117187500e+03
-1.426199951171875000e+03
-1.226729980468750000e+03
-1.582329956054687500e+03
-1.580329956054687500e+03
-1.426859985351562500e+03
-1.583199951171875000e+03
-2.047109985351562500e+03
-1.537810058593750000e+03
-1.276229980468750000e+03
-1.127250000000000000e+03
-1.586189941406250000e+03
-1.535010009765625000e+03
-1.426579956054687500e+03
-1.563579956054687500e+03
-1.563079956054687500e+03
-1.313030029296875000e+03
-1.361560058593750000e+03
-1.891719970703125000e+03
-2.046050048828125000e+03
-1.564180053710937500e+03
-1.552969970703125000e+03
-1.554030029296875000e+03
-1.572209960937500000e+03
-1.564219970703125000e+03
-1.723479980468750000e+03
-1.441449951171875000e+03
-1.454589965820312500e+03
-1.376160034179687500e+03
-1.574680053710937500e+03
-1.897650024414062500e+03
-1.582500000000000000e+03
-1.437540039062500000e+03
-1.364280029296875000e+03
-1.426119995117187500e+03
-1.353469970703125000e+03
-1.560670043945312500e+03
-1.561339965820312500e+03
-1.441520019531250000e+03
-1.293270019531250000e+03
-1.596430053710937500e+03
-1.754729980468750000e+03
-1.278849975585937500e+03
-1.539650024414062500e+03
-1.130199951171875000e+03
-1.137660034179687500e+03
-1.555579956054687500e+03
-1.579890014648437500e+03
-1.543160034179687500e+03
-1.299079956054687500e+03
-1.312660034179687500e+03
-1.285949951171875000e+03
-1.588989990234375000e+03
-1.148050048828125000e+03
-1.306500000000000000e+03
-1.222339965820312500e+03
-1.050609985351562500e+03
-1.145250000000000000e+03
-1.047640014648437500e+03
-1.570900024414062500e+03
-1.444859985351562500e+03
-1.230569946289062500e+03
-1.300459960937500000e+03
-2.050050048828125000e+03
-1.299349975585937500e+03
-1.425349975585937500e+03
-1.288680053710937500e+03
-1.217829956054687500e+03
-1.423050048828125000e+03
-1.287260009765625000e+03
-1.304209960937500000e+03
-1.221640014648437500e+03
-1.428459960937500000e+03
-1.585910034179687500e+03
-2.049959960937500000e+03
-1.582640014648437500e+03
-1.425160034179687500e+03
-1.558060058593750000e+03
-1.615119995117187500e+03
-1.717520019531250000e+03
-1.604219970703125000e+03
-1.720989990234375000e+03
-1.545910034179687500e+03
-1.447670043945312500e+03
-1.480150024414062500e+03
-1.898250000000000000e+03
-1.578819946289062500e+03
-1.582199951171875000e+03
-1.719140014648437500e+03
-1.571339965820312500e+03
-1.464209960937500000e+03
-1.496099975585937500e+03
-1.495369995117187500e+03
-1.615540039062500000e+03
-1.716619995117187500e+03
-1.633930053710937500e+03
-2.046719970703125000e+03
-1.483680053710937500e+03
-1.580869995117187500e+03
-1.584579956054687500e+03
-1.582530029296875000e+03
-1.602349975585937500e+03
-1.352599975585937500e+03
-1.489719970703125000e+03
-1.335239990234375000e+03
-1.496520019531250000e+03
-1.717689941406250000e+03
-1.891760009765625000e+03
-1.613339965820312500e+03
-1.490510009765625000e+03
-1.721109985351562500e+03
-1.632680053710937500e+03
-1.475849975585937500e+03
-1.599819946289062500e+03
-1.715469970703125000e+03
-1.735439941406250000e+03
-1.482359985351562500e+03
-1.318719970703125000e+03
-1.649739990234375000e+03
-1.340000000000000000e+03
-1.448290039062500000e+03
-1.444109985351562500e+03
-1.431459960937500000e+03
-1.317109985351562500e+03
-1.320709960937500000e+03
-1.452250000000000000e+03
-1.452709960937500000e+03
-1.477930053710937500e+03
-1.711849975585937500e+03
-1.597849975585937500e+03
-2.045790039062500000e+03
-1.328780029296875000e+03
-1.715390014648437500e+03
-1.610229980468750000e+03
-1.735310058593750000e+03
-1.485010009765625000e+03
-1.578770019531250000e+03
-1.710790039062500000e+03
-1.609750000000000000e+03
-1.467520019531250000e+03
-1.379280029296875000e+03
-1.607770019531250000e+03
-1.431599975585937500e+03
-1.495250000000000000e+03
-1.334869995117187500e+03
-1.430410034179687500e+03
-1.574560058593750000e+03
-1.569800048828125000e+03
-1.478020019531250000e+03
-1.353339965820312500e+03
-1.262569946289062500e+03
-1.392579956054687500e+03
-1.505250000000000000e+03
-1.265800048828125000e+03
-1.267329956054687500e+03
-1.561680053710937500e+03
-1.711829956054687500e+03
-1.585810058593750000e+03
-1.576489990234375000e+03
-1.418770019531250000e+03
-1.483319946289062500e+03
-1.446619995117187500e+03
-1.710400024414062500e+03
-1.613209960937500000e+03
-1.718569946289062500e+03
-1.575439941406250000e+03
-1.718150024414062500e+03
-1.716280029296875000e+03
-1.600780029296875000e+03
-1.576849975585937500e+03
-1.732599975585937500e+03
-1.466250000000000000e+03
-1.325989990234375000e+03
-1.718050048828125000e+03
-1.528479980468750000e+03
-1.593150024414062500e+03
-1.717040039062500000e+03
-1.719640014648437500e+03
-1.609599975585937500e+03
-1.608520019531250000e+03
-1.488329956054687500e+03
-1.728420043945312500e+03
-1.587819946289062500e+03
-1.718369995117187500e+03
-1.325709960937500000e+03
-1.513630004882812500e+03
-1.443839965820312500e+03
-1.366079956054687500e+03
-1.444079956054687500e+03
-1.492609985351562500e+03
-1.487349975585937500e+03
-1.492430053710937500e+03
-1.714079956054687500e+03
-1.632369995117187500e+03
-1.374579956054687500e+03
-1.512439941406250000e+03
-1.622069946289062500e+03
-1.383160034179687500e+03
-1.301430053710937500e+03
-1.440030029296875000e+03
-1.483910034179687500e+03
-1.352290039062500000e+03
-1.486280029296875000e+03
-1.352959960937500000e+03
-1.659750000000000000e+03
-1.319979980468750000e+03
-1.266380004882812500e+03
-1.211560058593750000e+03
-1.335890014648437500e+03
-1.352800048828125000e+03
-1.467109985351562500e+03
-1.481209960937500000e+03
-1.319390014648437500e+03
-1.463640014648437500e+03
-1.313780029296875000e+03
-1.660859985351562500e+03
-1.461790039062500000e+03
-1.264349975585937500e+03
-1.122369995117187500e+03
-1.264069946289062500e+03
-1.377119995117187500e+03
-1.323670043945312500e+03
-1.444079956054687500e+03
-1.562890014648437500e+03
-1.716540039062500000e+03
-1.718880004882812500e+03
-1.358250000000000000e+03
-1.450810058593750000e+03
-1.716689941406250000e+03
-1.713319946289062500e+03
-1.452800048828125000e+03
-1.449369995117187500e+03
-1.473479980468750000e+03
-1.732560058593750000e+03
-1.596369995117187500e+03
-1.715959960937500000e+03
-1.717540039062500000e+03
-1.530770019531250000e+03
-2.064840087890625000e+03
-1.488229980468750000e+03
-1.728719970703125000e+03
-1.716030029296875000e+03
-1.710060058593750000e+03
-1.479260009765625000e+03
-1.711150024414062500e+03
-1.365920043945312500e+03
-1.351030029296875000e+03
-1.463010009765625000e+03
-1.489069946289062500e+03
-1.370150024414062500e+03
-1.350310058593750000e+03
-1.384489990234375000e+03
-1.375250000000000000e+03
-1.301310058593750000e+03
-1.300239990234375000e+03
-1.438719970703125000e+03
-1.460569946289062500e+03
-1.577579956054687500e+03
-1.336849975585937500e+03
-1.613829956054687500e+03
-1.300479980468750000e+03
-1.445530029296875000e+03
-1.261810058593750000e+03
-1.246000000000000000e+03
-1.390280029296875000e+03
-1.425300048828125000e+03
-1.568719970703125000e+03
-1.309939941406250000e+03
-1.449280029296875000e+03
-1.230270019531250000e+03
-1.478670043945312500e+03
-1.374989990234375000e+03
-1.561750000000000000e+03
-1.717859985351562500e+03
-1.717319946289062500e+03
-1.589939941406250000e+03
-1.584599975585937500e+03
-1.429949951171875000e+03
-1.486560058593750000e+03
-1.414880004882812500e+03
-1.710530029296875000e+03
-1.492560058593750000e+03
-1.717709960937500000e+03
-1.721000000000000000e+03
-1.718770019531250000e+03
-1.577640014648437500e+03
-1.581719970703125000e+03
-1.734670043945312500e+03
-1.330489990234375000e+03
-1.725050048828125000e+03
-1.582170043945312500e+03
-1.718079956054687500e+03
-1.500310058593750000e+03
-1.592660034179687500e+03
-1.610060058593750000e+03
-1.327020019531250000e+03
-1.447739990234375000e+03
-1.359900024414062500e+03
-1.733790039062500000e+03
-1.719540039062500000e+03
-1.444900024414062500e+03
-1.374709960937500000e+03
-1.366500000000000000e+03
-1.534800048828125000e+03
-1.288469970703125000e+03
-1.231300048828125000e+03
-1.212420043945312500e+03
-1.586979980468750000e+03
-1.480640014648437500e+03
-1.369930053710937500e+03
-1.360479980468750000e+03
-1.346819946289062500e+03
-1.485680053710937500e+03
-1.613989990234375000e+03
-1.509430053710937500e+03
-1.357969970703125000e+03
-1.477160034179687500e+03
-1.285280029296875000e+03
-1.517829956054687500e+03
-1.410060058593750000e+03
-1.412540039062500000e+03
-1.357199951171875000e+03
-1.338750000000000000e+03
-1.594699951171875000e+03
-1.492930053710937500e+03
-1.526959960937500000e+03
-1.212369995117187500e+03
-1.367000000000000000e+03
-1.287540039062500000e+03
-1.291060058593750000e+03
-1.231020019531250000e+03
-1.213030029296875000e+03
-1.446430053710937500e+03
-1.485270019531250000e+03
-1.370420043945312500e+03
-1.352750000000000000e+03
-1.760270019531250000e+03
-1.463680053710937500e+03
-1.320550048828125000e+03
-1.186310058593750000e+03
-1.461290039062500000e+03
-1.353030029296875000e+03
-1.464469970703125000e+03
-1.320979980468750000e+03
-1.320280029296875000e+03
-1.358280029296875000e+03
-1.327390014648437500e+03
-1.764719970703125000e+03
-2.045719970703125000e+03
-1.428310058593750000e+03
-1.440010009765625000e+03
-1.330680053710937500e+03
-1.450189941406250000e+03
-1.258680053710937500e+03
-1.379270019531250000e+03
-1.574109985351562500e+03
-1.431800048828125000e+03
-1.348410034179687500e+03
-1.376969970703125000e+03
-1.758430053710937500e+03
-1.370719970703125000e+03
-1.270430053710937500e+03
-1.316189941406250000e+03
-1.565310058593750000e+03
-1.714849975585937500e+03
-1.718439941406250000e+03
-1.451489990234375000e+03
-1.436569946289062500e+03
-1.466689941406250000e+03
-1.359520019531250000e+03
-1.764800048828125000e+03
-1.407060058593750000e+03
-1.716780029296875000e+03
-1.719540039062500000e+03
-1.716300048828125000e+03
-1.453680053710937500e+03
-1.578520019531250000e+03
-1.439589965820312500e+03
-1.475010009765625000e+03
-1.735079956054687500e+03
-1.716199951171875000e+03
-1.802800048828125000e+03
-1.597150024414062500e+03
-1.716050048828125000e+03
-1.735959960937500000e+03
-1.718869995117187500e+03
-1.371650024414062500e+03
-1.358199951171875000e+03
-1.203339965820312500e+03
-1.587239990234375000e+03
-1.289920043945312500e+03
-1.144339965820312500e+03
-1.782239990234375000e+03
-1.519300048828125000e+03
-1.411949951171875000e+03
-1.181089965820312500e+03
-1.317479980468750000e+03
-1.462380004882812500e+03
-1.317939941406250000e+03
-1.409979980468750000e+03
-1.231239990234375000e+03
-1.377109985351562500e+03
-1.368219970703125000e+03
-1.784709960937500000e+03
-1.576910034179687500e+03
-1.437020019531250000e+03
-1.330880004882812500e+03
-1.447979980468750000e+03
-1.260069946289062500e+03
-1.377380004882812500e+03
-1.430410034179687500e+03
-1.386369995117187500e+03
-1.459170043945312500e+03
-1.314579956054687500e+03
-1.804680053710937500e+03
-1.155760009765625000e+03
-1.428239990234375000e+03
-1.270229980468750000e+03
-1.575729980468750000e+03
-1.457930053710937500e+03
-1.314329956054687500e+03
-1.154319946289062500e+03
-1.464479980468750000e+03
-1.612250000000000000e+03
-1.435859985351562500e+03
-1.782209960937500000e+03
-1.583640014648437500e+03
-1.462410034179687500e+03
-1.716280029296875000e+03
-1.610959960937500000e+03
-1.481400024414062500e+03
-1.338650024414062500e+03
-1.179839965820312500e+03
-1.715420043945312500e+03
-1.322920043945312500e+03
-1.178369995117187500e+03
-1.747900024414062500e+03
-1.018440002441406250e+03
-1.455550048828125000e+03
-1.312810058593750000e+03
-1.155400024414062500e+03
-1.311500000000000000e+03
-1.166510009765625000e+03
-1.006460021972656250e+03
-1.480660034179687500e+03
-1.338180053710937500e+03
-1.178400024414062500e+03
-1.782790039062500000e+03
-1.712219970703125000e+03
-1.426770019531250000e+03
-1.269430053710937500e+03
-1.435520019531250000e+03
-1.572630004882812500e+03
-1.321069946289062500e+03
-1.177010009765625000e+03
-1.017039978027343750e+03
-1.716290039062500000e+03
-1.435280029296875000e+03
-1.763229980468750000e+03
-2.045810058593750000e+03
-1.583219970703125000e+03
-1.714180053710937500e+03
-1.441209960937500000e+03
-1.719810058593750000e+03
-1.589060058593750000e+03
-1.482750000000000000e+03
-1.339469970703125000e+03
-1.177969970703125000e+03
-1.341180053710937500e+03
-1.196170043945312500e+03
-1.652719970703125000e+03
-1.033829956054687500e+03
-1.713569946289062500e+03
-1.339810058593750000e+03
-1.195650024414062500e+03
-1.033130004882812500e+03
-1.346719970703125000e+03
-1.202770019531250000e+03
-1.040329956054687500e+03
-1.436410034179687500e+03
-1.274449951171875000e+03
-1.518020019531250000e+03
-1.577479980468750000e+03
-1.237839965820312500e+03
-1.072550048828125000e+03
-1.380680053710937500e+03
-1.713859985351562500e+03
-1.301459960937500000e+03
-1.143430053710937500e+03
-1.449589965820312500e+03
-1.714670043945312500e+03
-1.719599975585937500e+03
-1.497579956054687500e+03
-1.711420043945312500e+03
-1.231260009765625000e+03
-1.070270019531250000e+03
-1.379810058593750000e+03
-1.569880004882812500e+03
-1.620119995117187500e+03
-1.571089965820312500e+03
-1.563579956054687500e+03
-1.617729980468750000e+03
-1.566160034179687500e+03
-1.774750000000000000e+03
-1.563709960937500000e+03
-1.618540039062500000e+03
-1.559930053710937500e+03
-1.614900024414062500e+03
-1.570469970703125000e+03
-1.621619995117187500e+03
-1.706439941406250000e+03
-1.759319946289062500e+03
-1.710300048828125000e+03
-1.706449951171875000e+03
-1.748949951171875000e+03
-1.760859985351562500e+03
-1.457689941406250000e+03
-1.564760009765625000e+03
-1.407660034179687500e+03
-1.415290039062500000e+03
-1.410140014648437500e+03
-1.464739990234375000e+03
-1.568040039062500000e+03
-1.619979980468750000e+03
-1.566500000000000000e+03
-1.758410034179687500e+03
-1.617239990234375000e+03
-1.565369995117187500e+03
-1.706000000000000000e+03
-1.759890014648437500e+03
-1.708819946289062500e+03
-1.409250000000000000e+03
-1.462199951171875000e+03
-1.709709960937500000e+03
-1.705630004882812500e+03
-1.760420043945312500e+03
-1.512189941406250000e+03
-1.328290039062500000e+03
-1.472449951171875000e+03
-1.467359985351562500e+03
-1.606449951171875000e+03
-1.612550048828125000e+03
-1.723839965820312500e+03
-1.725000000000000000e+03
-1.608250000000000000e+03
-1.724160034179687500e+03
-1.607599975585937500e+03
-1.512400024414062500e+03
-1.614339965820312500e+03
-1.752280029296875000e+03
-1.866880004882812500e+03
-1.866719970703125000e+03
-1.751839965820312500e+03
-1.471489990234375000e+03
-1.572150024414062500e+03
-1.454719970703125000e+03
-1.611540039062500000e+03
-1.610420043945312500e+03
-1.653900024414062500e+03
-1.603189941406250000e+03
-1.867099975585937500e+03
-1.752199951171875000e+03
-1.865589965820312500e+03
-1.867380004882812500e+03
-1.750900024414062500e+03
-1.440530029296875000e+03
-1.438989990234375000e+03
-1.441859985351562500e+03
-1.581660034179687500e+03
-1.650280029296875000e+03
-2.046260009765625000e+03
-1.316780029296875000e+03
-1.580729980468750000e+03
-1.282560058593750000e+03
-1.578060058593750000e+03
-1.580760009765625000e+03
-1.700410034179687500e+03
-1.854359985351562500e+03
-1.696540039062500000e+03
-1.324750000000000000e+03
-1.318510009765625000e+03
-1.655109985351562500e+03
-1.320390014648437500e+03
-1.328910034179687500e+03
-1.459479980468750000e+03
-1.328430053710937500e+03
-1.725699951171875000e+03
-1.455670043945312500e+03
-1.327040039062500000e+03
-1.723469970703125000e+03
-1.455069946289062500e+03
-1.329520019531250000e+03
-1.603130004882812500e+03
-1.460270019531250000e+03
-1.465819946289062500e+03
-1.602949951171875000e+03
-1.467660034179687500e+03
-1.867979980468750000e+03
-1.600250000000000000e+03
-1.469349975585937500e+03
-1.603219970703125000e+03
-1.167839965820312500e+03
-1.570670043945312500e+03
-1.531900024414062500e+03
-1.299390014648437500e+03
-1.466920043945312500e+03
-1.869380004882812500e+03
-1.601959960937500000e+03
-1.602660034179687500e+03
-1.468020019531250000e+03
-1.868719970703125000e+03
-1.599699951171875000e+03
-1.548400024414062500e+03
-1.551089965820312500e+03
-1.376819946289062500e+03
-1.550500000000000000e+03
-1.698219970703125000e+03
-1.694500000000000000e+03
-1.396430053710937500e+03
-1.696099975585937500e+03
-1.858930053710937500e+03
-1.754430053710937500e+03
-1.694050048828125000e+03
-1.472349975585937500e+03
-1.469979980468750000e+03
-1.765890014648437500e+03
-1.611500000000000000e+03
-1.585540039062500000e+03
-1.312180053710937500e+03
-1.583000000000000000e+03
-1.611859985351562500e+03
-1.386199951171875000e+03
-1.383689941406250000e+03
-1.525530029296875000e+03
-1.379189941406250000e+03
-1.510599975585937500e+03
-1.756359985351562500e+03
-1.225130004882812500e+03
-1.375680053710937500e+03
-1.508089965820312500e+03
-1.525900024414062500e+03
-1.301689941406250000e+03
-1.712180053710937500e+03
-1.447670043945312500e+03
-1.712060058593750000e+03
-1.712319946289062500e+03
-1.860520019531250000e+03
-1.787239990234375000e+03
-1.579680053710937500e+03
-1.608060058593750000e+03
-1.617930053710937500e+03
-1.616000000000000000e+03
-1.861530029296875000e+03
-1.869500000000000000e+03
-1.745439941406250000e+03
-1.758239990234375000e+03
-1.726579956054687500e+03
-1.474780029296875000e+03
-1.638250000000000000e+03
-1.862119995117187500e+03
-1.720810058593750000e+03
-1.868380004882812500e+03
-1.605400024414062500e+03
-1.870069946289062500e+03
-1.724520019531250000e+03
-1.745689941406250000e+03
-1.756680053710937500e+03
-1.725119995117187500e+03
-1.436199951171875000e+03
-1.632119995117187500e+03
-1.502119995117187500e+03
-1.432420043945312500e+03
-1.500640014648437500e+03
-1.444180053710937500e+03
-1.498670043945312500e+03
-1.576839965820312500e+03
-1.634469970703125000e+03
-1.574250000000000000e+03
-1.642430053710937500e+03
-1.365609985351562500e+03
-1.747920043945312500e+03
-2.046219970703125000e+03
-1.795000000000000000e+03
-1.576150024414062500e+03
-1.629719970703125000e+03
-1.573910034179687500e+03
-1.633170043945312500e+03
-1.584459960937500000e+03
-1.571209960937500000e+03
-1.639680053710937500e+03
-1.854619995117187500e+03
-1.423949951171875000e+03
-1.564180053710937500e+03
-1.605939941406250000e+03
-1.563520019531250000e+03
-1.562459960937500000e+03
-1.330989990234375000e+03
-1.350150024414062500e+03
-1.456369995117187500e+03
-1.465050048828125000e+03
-1.463459960937500000e+03
-1.476439941406250000e+03
-1.604420043945312500e+03
-1.604319946289062500e+03
-1.787380004882812500e+03
-1.624829956054687500e+03
-1.471890014648437500e+03
-1.576729980468750000e+03
-1.494989990234375000e+03
-1.603510009765625000e+03
-1.600890014648437500e+03
-1.569660034179687500e+03
-1.399920043945312500e+03
-1.717640014648437500e+03
-1.407050048828125000e+03
-1.519130004882812500e+03
-1.434719970703125000e+03
-1.433699951171875000e+03
-1.311109985351562500e+03
-1.575030029296875000e+03
-1.313949951171875000e+03
-1.573750000000000000e+03
-1.240079956054687500e+03
-1.381589965820312500e+03
-1.380760009765625000e+03
-1.387189941406250000e+03
-1.611140014648437500e+03
-1.521040039062500000e+03
-1.548930053710937500e+03
-1.382319946289062500e+03
-1.516959960937500000e+03
-1.565880004882812500e+03
-1.441329956054687500e+03
-1.441359985351562500e+03
-1.582479980468750000e+03
-1.718739990234375000e+03
-1.716229980468750000e+03
-1.928849975585937500e+03
-1.586250000000000000e+03
-1.717660034179687500e+03
-1.857180053710937500e+03
-1.329290039062500000e+03
-1.443619995117187500e+03
-1.285859985351562500e+03
-1.718140014648437500e+03
-1.449319946289062500e+03
-1.721010009765625000e+03
-1.452209960937500000e+03
-1.537400024414062500e+03
-1.332680053710937500e+03
-1.858920043945312500e+03
-1.871119995117187500e+03
-1.605880004882812500e+03
-1.591140014648437500e+03
-1.862520019531250000e+03
-1.720900024414062500e+03
-1.461739990234375000e+03
-1.602520019531250000e+03
-1.609469970703125000e+03
-1.374260009765625000e+03
-1.474099975585937500e+03
-1.868199951171875000e+03
-1.866439941406250000e+03
-1.604089965820312500e+03
-1.590500000000000000e+03
-1.590459960937500000e+03
-1.732119995117187500e+03
-1.861050048828125000e+03
-1.439400024414062500e+03
-1.438880004882812500e+03
-1.654219970703125000e+03
-1.485910034179687500e+03
-1.482270019531250000e+03
-1.584949951171875000e+03
-1.618810058593750000e+03
-1.585619995117187500e+03
-1.621020019531250000e+03
-1.584229980468750000e+03
-1.615060058593750000e+03
-1.485739990234375000e+03
-1.582739990234375000e+03
-1.765390014648437500e+03
-1.614609985351562500e+03
-1.585069946289062500e+03
-1.584060058593750000e+03
-1.619579956054687500e+03
-1.361900024414062500e+03
-1.361229980468750000e+03
-1.373530029296875000e+03
-1.427020019531250000e+03
-1.508069946289062500e+03
-1.564680053710937500e+03
-1.633270019531250000e+03
-2.047300048828125000e+03
-1.507550048828125000e+03
-1.573349975585937500e+03
-1.507790039062500000e+03
-1.561209960937500000e+03
-1.381729980468750000e+03
-1.435089965820312500e+03
-1.505829956054687500e+03
-1.561709960937500000e+03
-1.503280029296875000e+03
-1.505790039062500000e+03
-1.780380004882812500e+03
-1.570550048828125000e+03
-1.443430053710937500e+03
-1.575890014648437500e+03
-1.709140014648437500e+03
-1.588760009765625000e+03
-1.718609985351562500e+03
-1.853349975585937500e+03
-1.746709960937500000e+03
-1.615829956054687500e+03
-1.699989990234375000e+03
-1.672420043945312500e+03
-1.350109985351562500e+03
-1.423319946289062500e+03
-1.477119995117187500e+03
-1.571430053710937500e+03
-1.606550048828125000e+03
-1.605150024414062500e+03
-1.495079956054687500e+03
-1.569969970703125000e+03
-1.293479980468750000e+03
-1.365609985351562500e+03
-1.511469970703125000e+03
-1.514910034179687500e+03
-1.554229980468750000e+03
-1.523339965820312500e+03
-1.438989990234375000e+03
-1.512489990234375000e+03
-1.327089965820312500e+03
-1.312800048828125000e+03
-1.446640014648437500e+03
-1.577790039062500000e+03
-1.605949951171875000e+03
-1.619369995117187500e+03
-1.472369995117187500e+03
-1.515680053710937500e+03
-1.237810058593750000e+03
-1.497069946289062500e+03
-1.382969970703125000e+03
-1.710900024414062500e+03
-1.577910034179687500e+03
-1.471709960937500000e+03
-1.609939941406250000e+03
-1.584199951171875000e+03
-1.625540039062500000e+03
-1.709010009765625000e+03
-1.709380004882812500e+03
-1.718239990234375000e+03
-1.714280029296875000e+03
-1.715469970703125000e+03
-1.703790039062500000e+03
-1.713569946289062500e+03
-1.717089965820312500e+03
-1.720199951171875000e+03
-1.706790039062500000e+03
-1.643510009765625000e+03
-1.713089965820312500e+03
-1.858160034179687500e+03
-1.457709960937500000e+03
-1.864130004882812500e+03
-1.605650024414062500e+03
-1.609380004882812500e+03
-1.721449951171875000e+03
-1.723150024414062500e+03
-1.867540039062500000e+03
-1.871069946289062500e+03
-1.642630004882812500e+03
-1.564000000000000000e+03
-1.870479980468750000e+03
-1.606540039062500000e+03
-1.853290039062500000e+03
-1.748270019531250000e+03
-1.719239990234375000e+03
-1.746489990234375000e+03
-1.601319946289062500e+03
-1.859719970703125000e+03
-1.728069946289062500e+03
-1.795540039062500000e+03
-1.860479980468750000e+03
-1.732589965820312500e+03
-1.727420043945312500e+03
-1.449310058593750000e+03
-1.508359985351562500e+03
-1.580339965820312500e+03
-1.577760009765625000e+03
-1.632270019531250000e+03
-1.576989990234375000e+03
-1.572449951171875000e+03
-1.639969970703125000e+03
-1.632050048828125000e+03
-1.570949951171875000e+03
-1.626770019531250000e+03
-1.850079956054687500e+03
-1.427510009765625000e+03
-1.565900024414062500e+03
-1.555530029296875000e+03
-1.340280029296875000e+03
-1.349739990234375000e+03
-1.337209960937500000e+03
-1.511000000000000000e+03
-2.044339965820312500e+03
-1.338489990234375000e+03
-1.735500000000000000e+03
-1.738800048828125000e+03
-1.625459960937500000e+03
-1.480880004882812500e+03
-1.569140014648437500e+03
-1.487750000000000000e+03
-1.487800048828125000e+03
-1.597390014648437500e+03
-1.610319946289062500e+03
-1.639140014648437500e+03
-1.561109985351562500e+03
-1.613150024414062500e+03
-1.309199951171875000e+03
-1.471329956054687500e+03
-1.309579956054687500e+03
-1.722859985351562500e+03
-1.565569946289062500e+03
-1.723010009765625000e+03
-1.560920043945312500e+03
-1.717739990234375000e+03
-1.389729980468750000e+03
-1.606199951171875000e+03
-1.449079956054687500e+03
-1.756520019531250000e+03
-1.612170043945312500e+03
-1.451060058593750000e+03
-1.214000000000000000e+03
-1.212859985351562500e+03
-1.739359985351562500e+03
-1.356949951171875000e+03
-1.628369995117187500e+03
-1.386810058593750000e+03
-1.355270019531250000e+03
-1.282939941406250000e+03
-1.280550048828125000e+03
-1.281550048828125000e+03
-1.668510009765625000e+03
-1.667770019531250000e+03
-1.547290039062500000e+03
-1.422400024414062500e+03
-1.430489990234375000e+03
-1.556589965820312500e+03
-1.520530029296875000e+03
-1.422609985351562500e+03
-1.315199951171875000e+03
-1.565050048828125000e+03
-1.463150024414062500e+03
-1.633900024414062500e+03
-1.563939941406250000e+03
-1.428619995117187500e+03
-1.581780029296875000e+03
-1.450199951171875000e+03
-1.317550048828125000e+03
-1.378130004882812500e+03
-1.468849975585937500e+03
-1.478339965820312500e+03
-1.446209960937500000e+03
-1.614650024414062500e+03
-1.500000000000000000e+03
-1.481199951171875000e+03
-1.444959960937500000e+03
-1.607400024414062500e+03
-1.597849975585937500e+03
-1.580800048828125000e+03
-1.507400024414062500e+03
-1.451770019531250000e+03
-1.595619995117187500e+03
-1.607189941406250000e+03
-1.577569946289062500e+03
-1.439500000000000000e+03
-1.550430053710937500e+03
-1.562020019531250000e+03
-1.425630004882812500e+03
-1.353270019531250000e+03
-1.702369995117187500e+03
-1.761930053710937500e+03
-1.553180053710937500e+03
-1.395040039062500000e+03
-1.569099975585937500e+03
-1.302589965820312500e+03
-1.575719970703125000e+03
-1.564390014648437500e+03
-1.500520019531250000e+03
-1.389800048828125000e+03
-1.364760009765625000e+03
-1.525430053710937500e+03
-1.786069946289062500e+03
-1.507430053710937500e+03
-1.570400024414062500e+03
-1.423239990234375000e+03
-1.432780029296875000e+03
-1.708800048828125000e+03
-1.719339965820312500e+03
-1.585650024414062500e+03
-1.716119995117187500e+03
-1.719650024414062500e+03
-1.713109985351562500e+03
-1.784069946289062500e+03
-1.704229980468750000e+03
-1.562319946289062500e+03
-1.582319946289062500e+03
-1.710069946289062500e+03
-1.717550048828125000e+03
-1.722719970703125000e+03
-1.706099975585937500e+03
-1.565329956054687500e+03
-1.589109985351562500e+03
-1.717880004882812500e+03
-1.648880004882812500e+03
-2.045119995117187500e+03
-1.857060058593750000e+03
-1.314530029296875000e+03
-1.306949951171875000e+03
-1.454239990234375000e+03
-1.334609985351562500e+03
-1.331280029296875000e+03
-1.611430053710937500e+03
-1.161810058593750000e+03
-1.478890014648437500e+03
-1.865449951171875000e+03
-1.786949951171875000e+03
-1.453939941406250000e+03
-1.291900024414062500e+03
-1.721939941406250000e+03
-1.461349975585937500e+03
-1.720719970703125000e+03
-1.460910034179687500e+03
-1.867930053710937500e+03
-1.870739990234375000e+03
-1.601969970703125000e+03
-1.566439941406250000e+03
-1.794290039062500000e+03
-1.292579956054687500e+03
-1.605310058593750000e+03
-1.450109985351562500e+03
-1.718670043945312500e+03
-1.459880004882812500e+03
-1.720810058593750000e+03
-1.451640014648437500e+03
-1.858760009765625000e+03
-1.593910034179687500e+03
-1.859969970703125000e+03
-1.470449951171875000e+03
-1.595709960937500000e+03
-1.851510009765625000e+03
-1.487250000000000000e+03
-1.489400024414062500e+03
-1.586910034179687500e+03
-1.585989990234375000e+03
-1.617550048828125000e+03
-1.445520019531250000e+03
-1.589290039062500000e+03
-1.574140014648437500e+03
-1.645859985351562500e+03
-1.608500000000000000e+03
-1.384910034179687500e+03
-1.380869995117187500e+03
-1.435810058593750000e+03
-1.511089965820312500e+03
-1.508170043945312500e+03
-1.564469970703125000e+03
-1.362609985351562500e+03
-1.511719970703125000e+03
-1.497979980468750000e+03
-1.633760009765625000e+03
-1.554790039062500000e+03
-1.580869995117187500e+03
-1.712310058593750000e+03
-1.721170043945312500e+03
-1.561000000000000000e+03
-1.721819946289062500e+03
-1.561989990234375000e+03
-1.857099975585937500e+03
-1.481949951171875000e+03
-1.739780029296875000e+03
-1.652219970703125000e+03
-1.740290039062500000e+03
-1.608250000000000000e+03
-1.425910034179687500e+03
-1.668680053710937500e+03
-1.669349975585937500e+03
-1.555969970703125000e+03
-1.301040039062500000e+03
-1.317180053710937500e+03
-1.451239990234375000e+03
-1.445160034179687500e+03
-1.644839965820312500e+03
-1.578670043945312500e+03
-1.579199951171875000e+03
-1.447750000000000000e+03
-1.613380004882812500e+03
-1.496890014648437500e+03
-1.671439941406250000e+03
-1.552430053710937500e+03
-1.345319946289062500e+03
-1.366189941406250000e+03
-1.497640014648437500e+03
-1.645380004882812500e+03
-1.564609985351562500e+03
-1.488719970703125000e+03
-1.605319946289062500e+03
-1.608180053710937500e+03
-1.610400024414062500e+03
-1.453349975585937500e+03
-1.549569946289062500e+03
-1.391339965820312500e+03
-1.699780029296875000e+03
-1.704910034179687500e+03
-1.643099975585937500e+03
-1.558560058593750000e+03
-1.396150024414062500e+03
-1.629050048828125000e+03
-1.360839965820312500e+03
-1.299280029296875000e+03
-1.569609985351562500e+03
-1.302670043945312500e+03
-1.566579956054687500e+03
-1.574469970703125000e+03
-1.559479980468750000e+03
-1.666959960937500000e+03
-2.046729980468750000e+03
-1.443739990234375000e+03
-1.426349975585937500e+03
-1.361930053710937500e+03
-1.498910034179687500e+03
-1.368780029296875000e+03
-1.510160034179687500e+03
-1.519199951171875000e+03
-1.572650024414062500e+03
-1.496959960937500000e+03
-1.449869995117187500e+03
-1.365989990234375000e+03
-1.466880004882812500e+03
-1.384439941406250000e+03
-1.553300048828125000e+03
-1.569329956054687500e+03
-1.555099975585937500e+03
-1.710630004882812500e+03
-1.708010009765625000e+03
-1.581829956054687500e+03
-1.577089965820312500e+03
-1.419380004882812500e+03
-1.627099975585937500e+03
-1.477500000000000000e+03
-1.406560058593750000e+03
-1.571530029296875000e+03
-1.707829956054687500e+03
-1.573469970703125000e+03
-1.574949951171875000e+03
-1.476140014648437500e+03
-1.486359985351562500e+03
-1.487219970703125000e+03
-1.628599975585937500e+03
-1.782089965820312500e+03
-1.476609985351562500e+03
-1.711099975585937500e+03
-1.707219970703125000e+03
-1.604520019531250000e+03
-1.729979980468750000e+03
-1.343040039062500000e+03
-1.472599975585937500e+03
-1.257890014648437500e+03
-1.374869995117187500e+03
-1.477709960937500000e+03
-1.645680053710937500e+03
-1.506219970703125000e+03
-1.342310058593750000e+03
-1.480050048828125000e+03
-1.292550048828125000e+03
-1.406989990234375000e+03
-1.433180053710937500e+03
-1.720750000000000000e+03
-1.344420043945312500e+03
-1.455500000000000000e+03
-1.611630004882812500e+03
-1.455560058593750000e+03
-1.359150024414062500e+03
-1.441530029296875000e+03
-1.354040039062500000e+03
-1.364839965820312500e+03
-1.358069946289062500e+03
-1.347170043945312500e+03
-1.349660034179687500e+03
-1.477489990234375000e+03
-1.345189941406250000e+03
-1.648890014648437500e+03
-1.307719970703125000e+03
-1.442650024414062500e+03
-1.256300048828125000e+03
-1.387739990234375000e+03
-1.437400024414062500e+03
-1.711819946289062500e+03
-1.713979980468750000e+03
-1.583670043945312500e+03
-1.699170043945312500e+03
-1.709989990234375000e+03
-1.488869995117187500e+03
-1.708979980468750000e+03
-1.710439941406250000e+03
-1.585400024414062500e+03
-1.469219970703125000e+03
-1.310760009765625000e+03
-1.464540039062500000e+03
-1.724689941406250000e+03
-1.704640014648437500e+03
-1.585420043945312500e+03
-1.708209960937500000e+03
-1.525859985351562500e+03
-1.327599975585937500e+03
-1.437229980468750000e+03
-1.581530029296875000e+03
-1.471920043945312500e+03
-1.347520019531250000e+03
-1.319180053710937500e+03
-1.706939941406250000e+03
-1.510550048828125000e+03
-1.402780029296875000e+03
-1.710030029296875000e+03
-1.504209960937500000e+03
-1.584430053710937500e+03
-1.347270019531250000e+03
-1.435390014648437500e+03
-1.354300048828125000e+03
-1.480260009765625000e+03
-1.484449951171875000e+03
-1.339199951171875000e+03
-1.706469970703125000e+03
-1.702869995117187500e+03
-1.710020019531250000e+03
-1.509520019531250000e+03
-2.046339965820312500e+03
-1.708869995117187500e+03
-1.705489990234375000e+03
-1.697800048828125000e+03
-1.707739990234375000e+03
-1.714329956054687500e+03
-1.705599975585937500e+03
-1.700020019531250000e+03
-1.706560058593750000e+03
-1.860300048828125000e+03
-1.608859985351562500e+03
-1.786189941406250000e+03
-1.851040039062500000e+03
-1.593400024414062500e+03
-1.726030029296875000e+03
-1.720359985351562500e+03
-1.599869995117187500e+03
-1.441280029296875000e+03
-1.602209960937500000e+03
-1.603599975585937500e+03
-1.580579956054687500e+03
-1.860469970703125000e+03
-1.512579956054687500e+03
-1.599469970703125000e+03
-1.859410034179687500e+03
-1.726130004882812500e+03
-1.858900024414062500e+03
-1.733089965820312500e+03
-1.726229980468750000e+03
-1.714030029296875000e+03
-1.587069946289062500e+03
-1.716500000000000000e+03
-1.586310058593750000e+03
-1.529060058593750000e+03
-1.860910034179687500e+03
-1.861660034179687500e+03
-1.725560058593750000e+03
-1.557430053710937500e+03
-1.425520019531250000e+03
-1.862400024414062500e+03
-1.733000000000000000e+03
-1.726380004882812500e+03
-1.428170043945312500e+03
-1.434550048828125000e+03
-1.788349975585937500e+03
-1.493390014648437500e+03
-1.572160034179687500e+03
-1.564140014648437500e+03
-1.620300048828125000e+03
-1.494520019531250000e+03
-1.570270019531250000e+03
-1.625880004882812500e+03
-1.573229980468750000e+03
-1.569910034179687500e+03
-1.624430053710937500e+03
-1.647959960937500000e+03
-1.847520019531250000e+03
-1.849750000000000000e+03
-1.709390014648437500e+03
-1.710270019531250000e+03
-1.848920043945312500e+03
-1.549380004882812500e+03
-1.420380004882812500e+03
-1.554250000000000000e+03
-1.557290039062500000e+03
-1.568060058593750000e+03
-1.776260009765625000e+03
-1.489229980468750000e+03
-1.479109985351562500e+03
-1.602420043945312500e+03
-1.462089965820312500e+03
-1.349819946289062500e+03
-1.615979980468750000e+03
-1.730560058593750000e+03
-1.730709960937500000e+03
-1.615459960937500000e+03
-1.574209960937500000e+03
-1.784420043945312500e+03
-1.560030029296875000e+03
-1.600790039062500000e+03
-1.442099975585937500e+03
-1.420650024414062500e+03
-1.713469970703125000e+03
-1.555339965820312500e+03
-1.586380004882812500e+03
-1.426760009765625000e+03
-1.716130004882812500e+03
-1.558010009765625000e+03
-1.781699951171875000e+03
-1.710800048828125000e+03
-1.614849975585937500e+03
-1.346560058593750000e+03
-1.462510009765625000e+03
-1.598199951171875000e+03
-1.326989990234375000e+03
-1.464699951171875000e+03
-1.329479980468750000e+03
-1.733319946289062500e+03
-1.466670043945312500e+03
-1.622310058593750000e+03
-1.549520019531250000e+03
-1.409180053710937500e+03
-1.412140014648437500e+03
-1.547140014648437500e+03
-1.391189941406250000e+03
-1.659660034179687500e+03
-1.528089965820312500e+03
-1.533459960937500000e+03
-1.394670043945312500e+03
-1.662770019531250000e+03
-1.785839965820312500e+03
-2.044910034179687500e+03
-1.530410034179687500e+03
-1.539969970703125000e+03
-1.430699951171875000e+03
-1.562119995117187500e+03
-1.466329956054687500e+03
-1.600689941406250000e+03
-1.619650024414062500e+03
-1.556969970703125000e+03
-1.544030029296875000e+03
-1.455760009765625000e+03
-1.771040039062500000e+03
-1.605630004882812500e+03
-1.486630004882812500e+03
-1.478310058593750000e+03
-1.484560058593750000e+03
-1.494199951171875000e+03
-1.470400024414062500e+03
-1.490189941406250000e+03
-1.569109985351562500e+03
-1.435760009765625000e+03
-1.590290039062500000e+03
-1.506189941406250000e+03
-1.601520019531250000e+03
-1.612670043945312500e+03
-1.609239990234375000e+03
-1.479069946289062500e+03
-1.598079956054687500e+03
-1.424260009765625000e+03
-1.263400024414062500e+03
-1.429969970703125000e+03
-1.598010009765625000e+03
-1.609380004882812500e+03
-1.784660034179687500e+03
-1.476650024414062500e+03
-1.402339965820312500e+03
-1.605739990234375000e+03
-1.614729980468750000e+03
-1.753949951171875000e+03
-1.612530029296875000e+03
-1.455260009765625000e+03
-1.609119995117187500e+03
-1.452520019531250000e+03
-1.489239990234375000e+03
-1.780349975585937500e+03
-1.624969970703125000e+03
-1.494640014648437500e+03
-1.627890014648437500e+03
-1.359550048828125000e+03
-1.431750000000000000e+03
-1.557869995117187500e+03
-1.556540039062500000e+03
-1.430199951171875000e+03
-1.422329956054687500e+03
-1.598790039062500000e+03
-1.654219970703125000e+03
-1.546180053710937500e+03
-1.439989990234375000e+03
-1.474930053710937500e+03
-1.624500000000000000e+03
-1.494339965820312500e+03
-1.289209960937500000e+03
-1.317500000000000000e+03
-1.456699951171875000e+03
-1.296979980468750000e+03
-1.422489990234375000e+03
-1.520689941406250000e+03
-1.421170043945312500e+03
-1.287920043945312500e+03
-1.423219970703125000e+03
-1.310109985351562500e+03
-1.319089965820312500e+03
-1.444040039062500000e+03
-1.467239990234375000e+03
-1.578709960937500000e+03
-1.581300048828125000e+03
-1.451520019531250000e+03
-1.779729980468750000e+03
-1.577140014648437500e+03
-1.456119995117187500e+03
-1.446079956054687500e+03
-1.457020019531250000e+03
-1.598250000000000000e+03
-1.566130004882812500e+03
-1.581660034179687500e+03
-1.163280029296875000e+03
-1.460160034179687500e+03
-1.299229980468750000e+03
-1.780810058593750000e+03
-1.433089965820312500e+03
-1.461500000000000000e+03
-1.299900024414062500e+03
-1.548810058593750000e+03
-1.412439941406250000e+03
-1.343020019531250000e+03
-1.546979980468750000e+03
-1.412569946289062500e+03
-1.341109985351562500e+03
-1.392869995117187500e+03
-1.640680053710937500e+03
-1.302219970703125000e+03
-1.361680053710937500e+03
-1.426760009765625000e+03
-1.266160034179687500e+03
-1.073750000000000000e+03
-1.375660034179687500e+03
-1.216530029296875000e+03
-1.705390014648437500e+03
-1.707599975585937500e+03
-1.444689941406250000e+03
-1.770010009765625000e+03
-2.044959960937500000e+03
-1.705290039062500000e+03
-1.708680053710937500e+03
-1.705890014648437500e+03
-1.470810058593750000e+03
-1.723020019531250000e+03
-1.583010009765625000e+03
-1.703609985351562500e+03
-1.707800048828125000e+03
-1.471430053710937500e+03
-1.343030029296875000e+03
-1.781290039062500000e+03
-1.251770019531250000e+03
-1.365719970703125000e+03
-1.248569946289062500e+03
-1.703819946289062500e+03
-1.575219970703125000e+03
-1.504160034179687500e+03
-1.397010009765625000e+03
-1.707520019531250000e+03
-1.696099975585937500e+03
-1.271030029296875000e+03
-1.505880004882812500e+03
-1.354180053710937500e+03
-1.302689941406250000e+03
-1.448000000000000000e+03
-1.338400024414062500e+03
-1.243329956054687500e+03
-1.272109985351562500e+03
-1.361750000000000000e+03
-1.474540039062500000e+03
-1.352880004882812500e+03
-1.275109985351562500e+03
-1.776839965820312500e+03
-1.452810058593750000e+03
-1.318810058593750000e+03
-1.368109985351562500e+03
-1.707280029296875000e+03
-1.704800048828125000e+03
-1.705729980468750000e+03
-1.698260009765625000e+03
-1.699170043945312500e+03
-1.706050048828125000e+03
-1.710040039062500000e+03
-1.779890014648437500e+03
-1.704500000000000000e+03
-1.563369995117187500e+03
-1.563699951171875000e+03
-1.704839965820312500e+03
-1.853500000000000000e+03
-1.715319946289062500e+03
-1.716020019531250000e+03
-1.457849975585937500e+03
-1.716000000000000000e+03
-1.452849975585937500e+03
-1.518180053710937500e+03
-1.717430053710937500e+03
-1.717280029296875000e+03
-1.453520019531250000e+03
-1.447910034179687500e+03
-1.442270019531250000e+03
-1.854280029296875000e+03
-1.717959960937500000e+03
-1.457719970703125000e+03
-1.855069946289062500e+03
-1.588479980468750000e+03
-1.614050048828125000e+03
-1.856030029296875000e+03
-1.594369995117187500e+03
-1.279510009765625000e+03
-1.710520019531250000e+03
-1.450839965820312500e+03
-1.709780029296875000e+03
-1.448699951171875000e+03
-1.853750000000000000e+03
-1.857209960937500000e+03
-1.592579956054687500e+03
-1.527770019531250000e+03
-1.553329956054687500e+03
-1.279689941406250000e+03
-1.855609985351562500e+03
-1.594020019531250000e+03
-1.439619995117187500e+03
-1.468569946289062500e+03
-1.434119995117187500e+03
-1.464660034179687500e+03
-1.442469970703125000e+03
-1.574300048828125000e+03
-1.510880004882812500e+03
-1.606430053710937500e+03
-1.575189941406250000e+03
-1.572790039062500000e+03
-1.606500000000000000e+03
-1.363630004882812500e+03
-1.416479980468750000e+03
-1.356810058593750000e+03
-1.414099975585937500e+03
-1.363550048828125000e+03
-1.498189941406250000e+03
-1.765270019531250000e+03
-1.553140014648437500e+03
-1.499969970703125000e+03
-1.496680053710937500e+03
-1.552780029296875000e+03
-1.696760009765625000e+03
-1.715619995117187500e+03
-1.708930053710937500e+03
-1.551089965820312500e+03
-1.709280029296875000e+03
-1.553069946289062500e+03
-1.765469970703125000e+03
-2.044979980468750000e+03
-1.840829956054687500e+03
-1.456640014648437500e+03
-1.460000000000000000e+03
-1.329619995117187500e+03
-1.724959960937500000e+03
-1.726959960937500000e+03
-1.595300048828125000e+03
-1.402089965820312500e+03
-1.406540039062500000e+03
-1.394930053710937500e+03
-1.916810058593750000e+03
-1.655680053710937500e+03
-1.658369995117187500e+03
-1.542989990234375000e+03
-1.449709960937500000e+03
-1.431060058593750000e+03
-1.562660034179687500e+03
-1.649180053710937500e+03
-1.485729980468750000e+03
-1.658099975585937500e+03
-1.490979980468750000e+03
-1.917140014648437500e+03
-1.483170043945312500e+03
-1.338760009765625000e+03
-1.404089965820312500e+03
-1.425930053710937500e+03
-1.448319946289062500e+03
-1.451260009765625000e+03
-1.569239990234375000e+03
-1.601040039062500000e+03
-1.471310058593750000e+03
-1.276140014648437500e+03
-1.654630004882812500e+03
-1.197109985351562500e+03
-1.396670043945312500e+03
-1.652479980468750000e+03
-1.551219970703125000e+03
-1.421709960937500000e+03
-1.551140014648437500e+03
-1.396150024414062500e+03
-1.554599975585937500e+03
-1.423260009765625000e+03
-1.491689941406250000e+03
-1.632500000000000000e+03
-1.366319946289062500e+03
-1.436750000000000000e+03
-1.307369995117187500e+03
-1.314199951171875000e+03
-1.434750000000000000e+03
-1.547660034179687500e+03
-1.414839965820312500e+03
-1.341910034179687500e+03
-1.558729980468750000e+03
-1.398709960937500000e+03
-1.668310058593750000e+03
-1.559339965820312500e+03
-1.697319946289062500e+03
-1.558760009765625000e+03
-1.400829956054687500e+03
-1.551130004882812500e+03
-1.394099975585937500e+03
-1.567189941406250000e+03
-1.570140014648437500e+03
-1.305650024414062500e+03
-1.437729980468750000e+03
-1.759680053710937500e+03
-1.566560058593750000e+03
-1.302650024414062500e+03
-1.423760009765625000e+03
-1.565819946289062500e+03
-1.498270019531250000e+03
-1.499689941406250000e+03
-1.371979980468750000e+03
-1.498750000000000000e+03
-1.373040039062500000e+03
-1.364250000000000000e+03
-1.755670043945312500e+03
-1.366319946289062500e+03
-1.512150024414062500e+03
-1.557079956054687500e+03
-1.499729980468750000e+03
-1.408569946289062500e+03
-1.563150024414062500e+03
-1.431739990234375000e+03
-1.424560058593750000e+03
-1.264859985351562500e+03
-1.350239990234375000e+03
-1.901579956054687500e+03
-1.370390014648437500e+03
-1.207589965820312500e+03
-1.583810058593750000e+03
-1.585489990234375000e+03
-1.567550048828125000e+03
-1.576920043945312500e+03
-1.580260009765625000e+03
-1.574530029296875000e+03
-1.582459960937500000e+03
-1.411069946289062500e+03
-1.787959960937500000e+03
-1.442989990234375000e+03
-1.372750000000000000e+03
-1.296109985351562500e+03
-1.565739990234375000e+03
-1.565160034179687500e+03
-1.718540039062500000e+03
-1.430449951171875000e+03
-1.486420043945312500e+03
-1.412239990234375000e+03
-1.591640014648437500e+03
-1.659619995117187500e+03
-2.044709960937500000e+03
-1.476050048828125000e+03
-1.568339965820312500e+03
-1.522900024414062500e+03
-1.399770019531250000e+03
-1.417479980468750000e+03
-1.576010009765625000e+03
-1.587800048828125000e+03
-1.714630004882812500e+03
-1.584099975585937500e+03
-1.440020019531250000e+03
-1.624280029296875000e+03
-1.739239990234375000e+03
-1.599609985351562500e+03
-1.597989990234375000e+03
-1.318170043945312500e+03
-1.350589965820312500e+03
-1.734189941406250000e+03
-1.715119995117187500e+03
-1.739170043945312500e+03
-1.447010009765625000e+03
-1.377939941406250000e+03
-1.772930053710937500e+03
-1.350180053710937500e+03
-1.278790039062500000e+03
-1.227750000000000000e+03
-1.359040039062500000e+03
-1.590069946289062500e+03
-1.503630004882812500e+03
-1.349099975585937500e+03
-1.312449951171875000e+03
-1.312750000000000000e+03
-1.453640014648437500e+03
-1.626660034179687500e+03
-1.594390014648437500e+03
-1.345729980468750000e+03
-1.580810058593750000e+03
-1.272930053710937500e+03
-1.280750000000000000e+03
-1.520280029296875000e+03
-1.427729980468750000e+03
-1.735839965820312500e+03
-1.492520019531250000e+03
-1.339760009765625000e+03
-1.617729980468750000e+03
-1.718310058593750000e+03
-1.456810058593750000e+03
-1.596760009765625000e+03
-1.597510009765625000e+03
-1.210260009765625000e+03
-1.359119995117187500e+03
-1.212390014648437500e+03
-1.354079956054687500e+03
-1.278660034179687500e+03
-1.374130004882812500e+03
-1.785300048828125000e+03
-1.213869995117187500e+03
-1.439939941406250000e+03
-1.301040039062500000e+03
-1.578949951171875000e+03
-1.590640014648437500e+03
-1.469390014648437500e+03
-1.604790039062500000e+03
-1.503209960937500000e+03
-1.350160034179687500e+03
-1.354709960937500000e+03
-1.769349975585937500e+03
-1.566119995117187500e+03
-1.410160034179687500e+03
-1.572099975585937500e+03
-1.418739990234375000e+03
-1.567660034179687500e+03
-1.409920043945312500e+03
-1.514969970703125000e+03
-1.519189941406250000e+03
-1.580630004882812500e+03
-1.587630004882812500e+03
-1.781280029296875000e+03
-1.343780029296875000e+03
-1.603150024414062500e+03
-1.270290039062500000e+03
-1.533000000000000000e+03
-1.518310058593750000e+03
-1.523119995117187500e+03
-1.716369995117187500e+03
-1.597329956054687500e+03
-1.595560058593750000e+03
-1.588780029296875000e+03
-1.638569946289062500e+03
-1.470469970703125000e+03
-1.341069946289062500e+03
-1.349489990234375000e+03
-1.583170043945312500e+03
-1.277040039062500000e+03
-1.529770019531250000e+03
-1.515640014648437500e+03
-1.427569946289062500e+03
-1.441719970703125000e+03
-1.334650024414062500e+03
-1.643680053710937500e+03
-1.330689941406250000e+03
-1.224180053710937500e+03
-1.359630004882812500e+03
-1.208650024414062500e+03
-1.488310058593750000e+03
-1.349270019531250000e+03
-1.234760009765625000e+03
-1.352800048828125000e+03
-1.293849975585937500e+03
-1.305160034179687500e+03
-1.784489990234375000e+03
-2.191689941406250000e+03
-1.897369995117187500e+03
-1.329060058593750000e+03
-1.275869995117187500e+03
-1.717260009765625000e+03
-1.719229980468750000e+03
-1.471410034179687500e+03
-1.208069946289062500e+03
-1.732849975585937500e+03
-1.466890014648437500e+03
-1.328719970703125000e+03
-1.326290039062500000e+03
-1.643819946289062500e+03
-1.594530029296875000e+03
-1.593199951171875000e+03
-1.327790039062500000e+03
-1.059310058593750000e+03
-1.177560058593750000e+03
-1.445630004882812500e+03
-1.469079956054687500e+03
-1.209010009765625000e+03
-1.731140014648437500e+03
-1.468540039062500000e+03
-1.646910034179687500e+03
-1.328680053710937500e+03
-1.589339965820312500e+03
-1.717300048828125000e+03
-1.326280029296875000e+03
-1.059160034179687500e+03
-1.482569946289062500e+03
-1.415140014648437500e+03
-1.454310058593750000e+03
-1.586699951171875000e+03
-1.481540039062500000e+03
-1.917040039062500000e+03
-1.350079956054687500e+03
-1.084630004882812500e+03
-1.585180053710937500e+03
-1.324939941406250000e+03
-1.061530029296875000e+03
-1.510390014648437500e+03
-1.412869995117187500e+03
-1.334219970703125000e+03
-1.327890014648437500e+03
-1.592410034179687500e+03
-1.917780029296875000e+03
-1.716140014648437500e+03
-1.591540039062500000e+03
-1.350260009765625000e+03
-1.084819946289062500e+03
-1.586689941406250000e+03
-1.528819946289062500e+03
-1.386430053710937500e+03
-1.516140014648437500e+03
-1.176750000000000000e+03
-1.312180053710937500e+03
-1.918180053710937500e+03
-1.443589965820312500e+03
-1.586560058593750000e+03
-1.586910034179687500e+03
-1.588670043945312500e+03
-1.350880004882812500e+03
-1.081420043945312500e+03
-1.584420043945312500e+03
-1.180160034179687500e+03
-1.446750000000000000e+03
-1.566349975585937500e+03
-1.655449951171875000e+03
-1.410500000000000000e+03
-1.584349975585937500e+03
-1.513349975585937500e+03
-1.582839965820312500e+03
-1.590170043945312500e+03
-1.514520019531250000e+03
-1.517150024414062500e+03
-1.322709960937500000e+03
-1.719189941406250000e+03
-1.589920043945312500e+03
-1.916819946289062500e+03
-1.528060058593750000e+03
-1.384729980468750000e+03
-1.581979980468750000e+03
-1.515319946289062500e+03
-1.712949951171875000e+03
-1.714739990234375000e+03
-1.453650024414062500e+03
-1.711910034179687500e+03
-1.450540039062500000e+03
-1.717170043945312500e+03
-1.916609985351562500e+03
-1.711130004882812500e+03
-1.450849975585937500e+03
-1.304189941406250000e+03
-1.138180053710937500e+03
-1.568219970703125000e+03
-1.407810058593750000e+03
-1.565989990234375000e+03
-1.566949951171875000e+03
-1.412170043945312500e+03
-1.862869995117187500e+03
-1.657510009765625000e+03
-1.462420043945312500e+03
-1.462969970703125000e+03
-1.721780029296875000e+03
-1.723890014648437500e+03
-1.566270019531250000e+03
-1.720500000000000000e+03
-1.722829956054687500e+03
-1.566030029296875000e+03
-1.431459960937500000e+03
-1.486410034179687500e+03
-1.656479980468750000e+03
-2.189550048828125000e+03
-1.327089965820312500e+03
-1.438349975585937500e+03
-1.490469970703125000e+03
-1.436689941406250000e+03
-1.487219970703125000e+03
-1.434719970703125000e+03
-1.277000000000000000e+03
-1.329869995117187500e+03
-1.575589965820312500e+03
-1.632800048828125000e+03
-1.915189941406250000e+03
-1.414829956054687500e+03
-1.255410034179687500e+03
-1.414099975585937500e+03
-1.420140014648437500e+03
-1.255589965820312500e+03
-1.562489990234375000e+03
-1.482380004882812500e+03
-1.481160034179687500e+03
-1.737000000000000000e+03
-1.736930053710937500e+03
-1.657069946289062500e+03
-1.623910034179687500e+03
-1.302609985351562500e+03
-1.466420043945312500e+03
-1.305660034179687500e+03
-1.302660034179687500e+03
-1.718790039062500000e+03
-1.560719970703125000e+03
-1.574339965820312500e+03
-1.574010009765625000e+03
-1.721150024414062500e+03
-1.780030029296875000e+03
-1.565579956054687500e+03
-1.723310058593750000e+03
-1.561800048828125000e+03
-1.716520019531250000e+03
-1.211430053710937500e+03
-1.340189941406250000e+03
-1.211079956054687500e+03
-1.207750000000000000e+03
-1.739300048828125000e+03
-1.283589965820312500e+03
-1.640739990234375000e+03
-1.406920043945312500e+03
-1.413760009765625000e+03
-1.276170043945312500e+03
-1.403680053710937500e+03
-1.400810058593750000e+03
-1.666219970703125000e+03
-1.670670043945312500e+03
-1.546449951171875000e+03
-1.564219970703125000e+03
-1.584349975585937500e+03
-1.783359985351562500e+03
-1.729589965820312500e+03
-1.739459960937500000e+03
-1.269069946289062500e+03
-1.275060058593750000e+03
-1.707160034179687500e+03
-1.440119995117187500e+03
-1.719739990234375000e+03
-1.721819946289062500e+03
-1.587630004882812500e+03
-1.588030029296875000e+03
-1.641020019531250000e+03
-1.514910034179687500e+03
-1.514859985351562500e+03
-1.722579956054687500e+03
-1.565900024414062500e+03
-1.723319946289062500e+03
-1.568069946289062500e+03
-1.710569946289062500e+03
-1.552339965820312500e+03
-1.727430053710937500e+03
-1.213760009765625000e+03
-1.504670043945312500e+03
-1.344869995117187500e+03
-1.657900024414062500e+03
-1.274290039062500000e+03
-1.665989990234375000e+03
-1.403569946289062500e+03
-1.671430053710937500e+03
-1.312400024414062500e+03
-1.457079956054687500e+03
-1.487849975585937500e+03
-1.406849975585937500e+03
-1.646900024414062500e+03
-1.310729980468750000e+03
-1.354890014648437500e+03
-1.439640014648437500e+03
-1.329810058593750000e+03
-1.297640014648437500e+03
-1.467550048828125000e+03
-1.464400024414062500e+03
-1.453979980468750000e+03
-1.461180053710937500e+03
-1.456390014648437500e+03
-1.645290039062500000e+03
-1.463199951171875000e+03
-1.344979980468750000e+03
-1.476800048828125000e+03
-1.616040039062500000e+03
-1.470630004882812500e+03
-1.342260009765625000e+03
-1.473270019531250000e+03
-1.337729980468750000e+03
-1.312260009765625000e+03
-1.179369995117187500e+03
-1.937430053710937500e+03
-2.192000000000000000e+03
-1.483760009765625000e+03
-1.189069946289062500e+03
-1.192319946289062500e+03
-1.344270019531250000e+03
-1.178979980468750000e+03
-1.468219970703125000e+03
-1.306650024414062500e+03
-1.465040039062500000e+03
-1.418920043945312500e+03
-1.469150024414062500e+03
-1.799489990234375000e+03
-1.264780029296875000e+03
-1.473589965820312500e+03
-1.315229980468750000e+03
-1.412800048828125000e+03
-1.611739990234375000e+03
-1.481880004882812500e+03
-1.410520019531250000e+03
-1.474369995117187500e+03
-1.406959960937500000e+03
-1.612680053710937500e+03
-1.657829956054687500e+03
-1.480449951171875000e+03
-1.408839965820312500e+03
-1.479660034179687500e+03
-1.320329956054687500e+03
-1.472880004882812500e+03
-1.314099975585937500e+03
-1.318469970703125000e+03
-1.150390014648437500e+03
-1.615439941406250000e+03
-1.460199951171875000e+03
-1.912979980468750000e+03
-1.226760009765625000e+03
-1.220579956054687500e+03
-1.053250000000000000e+03
-1.370219970703125000e+03
-1.562680053710937500e+03
-1.419199951171875000e+03
-1.287520019531250000e+03
-1.417069946289062500e+03
-1.285599975585937500e+03
-1.259050048828125000e+03
-1.795329956054687500e+03
-1.124329956054687500e+03
-1.430640014648437500e+03
-1.475079956054687500e+03
-1.290349975585937500e+03
-1.125119995117187500e+03
-1.416109985351562500e+03
-1.255630004882812500e+03
-1.413010009765625000e+03
-1.489790039062500000e+03
-1.494510009765625000e+03
-1.796040039062500000e+03
-1.494410034179687500e+03
-1.336969970703125000e+03
-1.420359985351562500e+03
-1.423430053710937500e+03
-1.264819946289062500e+03
-1.335920043945312500e+03
-1.342729980468750000e+03
-1.344540039062500000e+03
-1.486150024414062500e+03
-1.327670043945312500e+03
-1.912050048828125000e+03
-1.460969970703125000e+03
-1.324010009765625000e+03
-1.450729980468750000e+03
-1.318689941406250000e+03
-1.322489990234375000e+03
-1.433319946289062500e+03
-1.430060058593750000e+03
-1.428520019531250000e+03
-1.430949951171875000e+03
-1.580270019531250000e+03
-1.557400024414062500e+03
-1.443770019531250000e+03
-1.440439941406250000e+03
-1.282810058593750000e+03
-1.456319946289062500e+03
-1.298520019531250000e+03
-1.437640014648437500e+03
-1.279050048828125000e+03
-1.436719970703125000e+03
-1.277770019531250000e+03
-1.433770019531250000e+03
-1.935640014648437500e+03
-1.432719970703125000e+03
-1.455160034179687500e+03
-1.467109985351562500e+03
-1.437430053710937500e+03
-1.278250000000000000e+03
-1.466530029296875000e+03
-1.309469970703125000e+03
-1.161479980468750000e+03
-1.163800048828125000e+03
-1.165209960937500000e+03
-1.933839965820312500e+03
-1.585489990234375000e+03
-1.573439941406250000e+03
-1.583540039062500000e+03
-1.582130004882812500e+03
-1.582089965820312500e+03
-1.446349975585937500e+03
-1.582510009765625000e+03
-1.577479980468750000e+03
-1.444569946289062500e+03
-1.579979980468750000e+03
-1.792380004882812500e+03
-2.190060058593750000e+03
-1.298680053710937500e+03
-1.417609985351562500e+03
-1.322099975585937500e+03
-1.309329956054687500e+03
-1.223239990234375000e+03
-1.564479980468750000e+03
-1.568380004882812500e+03
-1.453209960937500000e+03
-1.558910034179687500e+03
-1.458630004882812500e+03
-1.790939941406250000e+03
-1.402250000000000000e+03
-1.426900024414062500e+03
-1.345589965820312500e+03
-1.571689941406250000e+03
-1.438579956054687500e+03
-1.483969970703125000e+03
-1.583849975585937500e+03
-1.458680053710937500e+03
-1.331180053710937500e+03
-1.587140014648437500e+03
-1.920229980468750000e+03
-1.465329956054687500e+03
-1.331920043945312500e+03
-1.329630004882812500e+03
-1.453709960937500000e+03
-1.458510009765625000e+03
-1.459709960937500000e+03
-1.463310058593750000e+03
-1.323209960937500000e+03
-1.588069946289062500e+03
-1.461170043945312500e+03
-1.935540039062500000e+03
-1.319410034179687500e+03
-1.445459960937500000e+03
-1.365099975585937500e+03
-1.632719970703125000e+03
-1.491089965820312500e+03
-1.492349975585937500e+03
-1.244439941406250000e+03
-1.359290039062500000e+03
-1.740699951171875000e+03
-1.609650024414062500e+03
-1.685560058593750000e+03
-1.217329956054687500e+03
-1.477579956054687500e+03
-1.351869995117187500e+03
-1.123959960937500000e+03
-1.256579956054687500e+03
-1.392239990234375000e+03
-1.323459960937500000e+03
-1.283020019531250000e+03
-1.308589965820312500e+03
-1.215349975585937500e+03
-1.676920043945312500e+03
-1.582800048828125000e+03
-1.456530029296875000e+03
-1.319609985351562500e+03
-1.344270019531250000e+03
-1.485949951171875000e+03
-1.298630004882812500e+03
-1.288099975585937500e+03
-1.434079956054687500e+03
-1.362560058593750000e+03
-1.738280029296875000e+03
-1.928099975585937500e+03
-1.610750000000000000e+03
-1.483459960937500000e+03
-1.239219970703125000e+03
-1.368939941406250000e+03
-1.159310058593750000e+03
-1.284479980468750000e+03
-1.214489990234375000e+03
-1.337599975585937500e+03
-1.312229980468750000e+03
-1.461010009765625000e+03
-1.781430053710937500e+03
-1.243030029296875000e+03
-1.152050048828125000e+03
-1.116010009765625000e+03
-1.242880004882812500e+03
-1.369280029296875000e+03
-1.570619995117187500e+03
-1.437869995117187500e+03
-1.284359985351562500e+03
-1.566739990234375000e+03
-1.411640014648437500e+03
-1.762760009765625000e+03
-1.566300048828125000e+03
-1.411699951171875000e+03
-1.191459960937500000e+03
-1.319540039062500000e+03
-1.453260009765625000e+03
-1.320680053710937500e+03
-1.380390014648437500e+03
-1.401479980468750000e+03
-1.379689941406250000e+03
-1.422939941406250000e+03
-1.608609985351562500e+03
-1.583119995117187500e+03
-1.459060058593750000e+03
-1.590079956054687500e+03
-1.534680053710937500e+03
-1.409760009765625000e+03
-1.470430053710937500e+03
-1.591660034179687500e+03
-1.231520019531250000e+03
-1.495680053710937500e+03
-1.147270019531250000e+03
-1.910329956054687500e+03
-2.189760009765625000e+03
-1.417599975585937500e+03
-1.230859985351562500e+03
-1.351550048828125000e+03
-1.475030029296875000e+03
-1.486500000000000000e+03
-1.304910034179687500e+03
-1.432810058593750000e+03
-1.282449951171875000e+03
-1.285680053710937500e+03
-1.179550048828125000e+03
-1.530229980468750000e+03
-1.301339965820312500e+03
-1.333280029296875000e+03
-1.461800048828125000e+03
-1.422319946289062500e+03
-1.284540039062500000e+03
-1.242439941406250000e+03
-1.370189941406250000e+03
-1.458339965820312500e+03
-1.360800048828125000e+03
-1.284510009765625000e+03
-1.555400024414062500e+03
-1.307739990234375000e+03
-1.215130004882812500e+03
-1.483670043945312500e+03
-1.347540039062500000e+03
-1.347369995117187500e+03
-1.276010009765625000e+03
-1.159329956054687500e+03
-1.491640014648437500e+03
-1.240609985351562500e+03
-1.513380004882812500e+03
-1.935489990234375000e+03
-1.375030029296875000e+03
-1.153300048828125000e+03
-1.435949951171875000e+03
-1.295959960937500000e+03
-1.198319946289062500e+03
-1.176140014648437500e+03
-1.328969970703125000e+03
-1.340640014648437500e+03
-1.238650024414062500e+03
-1.793180053710937500e+03
-1.249979980468750000e+03
-1.271380004882812500e+03
-1.270699951171875000e+03
-1.321050048828125000e+03
-1.456420043945312500e+03
-1.732739990234375000e+03
-1.599569946289062500e+03
-1.331800048828125000e+03
-1.482209960937500000e+03
-1.732030029296875000e+03
-1.793670043945312500e+03
-1.599839965820312500e+03
-1.464530029296875000e+03
-1.330959960937500000e+03
-1.590859985351562500e+03
-1.480560058593750000e+03
-1.324540039062500000e+03
-1.189550048828125000e+03
-1.458510009765625000e+03
-1.350170043945312500e+03
-1.256089965820312500e+03
-1.795050048828125000e+03
-1.123469970703125000e+03
-1.240760009765625000e+03
-1.374660034179687500e+03
-1.254890014648437500e+03
-1.125069946289062500e+03
-1.274150024414062500e+03
-1.411890014648437500e+03
-1.445160034179687500e+03
-1.248459960937500000e+03
-1.382219970703125000e+03
-1.800569946289062500e+03
-1.421140014648437500e+03
-1.275430053710937500e+03
-1.410939941406250000e+03
-1.475579956054687500e+03
-1.342099975585937500e+03
-1.210109985351562500e+03
-1.476219970703125000e+03
-1.360319946289062500e+03
-1.277849975585937500e+03
-1.150530029296875000e+03
-1.932050048828125000e+03
-1.183439941406250000e+03
-1.323869995117187500e+03
-1.189890014648437500e+03
-1.317319946289062500e+03
-1.457060058593750000e+03
-1.348140014648437500e+03
-1.253780029296875000e+03
-1.125810058593750000e+03
-1.278920043945312500e+03
-1.148099975585937500e+03
-1.916530029296875000e+03
-1.515250000000000000e+03
-1.238369995117187500e+03
-1.372489990234375000e+03
-1.283060058593750000e+03
-1.568619995117187500e+03
-1.409989990234375000e+03
-1.189089965820312500e+03
-1.321910034179687500e+03
-1.517229980468750000e+03
-1.251199951171875000e+03
-1.920359985351562500e+03
-2.189379882812500000e+03
-1.383099975585937500e+03
-1.515560058593750000e+03
-1.257540039062500000e+03
-1.389729980468750000e+03
-1.458069946289062500e+03
-1.590500000000000000e+03
-1.348229980468750000e+03
-1.479550048828125000e+03
-1.236150024414062500e+03
-1.361939941406250000e+03
-1.916780029296875000e+03
-1.278890014648437500e+03
-1.148579956054687500e+03
-1.335030029296875000e+03
-1.192910034179687500e+03
-1.461540039062500000e+03
-1.324150024414062500e+03
-1.246660034179687500e+03
-1.376459960937500000e+03
-1.509489990234375000e+03
-1.713920043945312500e+03
-1.937270019531250000e+03
-1.583640014648437500e+03
-1.707170043945312500e+03
-1.577989990234375000e+03
-1.712300048828125000e+03
-1.583119995117187500e+03
-1.279430053710937500e+03
-1.442180053710937500e+03
-1.282060058593750000e+03
-1.571000000000000000e+03
-1.408719970703125000e+03
-1.555229980468750000e+03
-1.567709960937500000e+03
-1.568180053710937500e+03
-1.411910034179687500e+03
-1.162030029296875000e+03
-1.328699951171875000e+03
-1.156770019531250000e+03
-1.162780029296875000e+03
-1.326489990234375000e+03
-1.158530029296875000e+03
-1.472089965820312500e+03
-1.406189941406250000e+03
-1.454410034179687500e+03
-1.297050048828125000e+03
-1.456810058593750000e+03
-1.457410034179687500e+03
-1.453250000000000000e+03
-1.292859985351562500e+03
-1.287530029296875000e+03
-1.460630004882812500e+03
-1.459030029296875000e+03
-1.293469970703125000e+03
-1.550459960937500000e+03
-1.602750000000000000e+03
-1.366479980468750000e+03
-1.365930053710937500e+03
-1.364589965820312500e+03
-1.204540039062500000e+03
-1.505719970703125000e+03
-1.706250000000000000e+03
-1.575709960937500000e+03
-1.278589965820312500e+03
-1.438290039062500000e+03
-1.549689941406250000e+03
-1.166689941406250000e+03
-1.457910034179687500e+03
-1.298510009765625000e+03
-1.465829956054687500e+03
-1.464839965820312500e+03
-1.604170043945312500e+03
-1.420310058593750000e+03
-1.411339965820312500e+03
-1.409010009765625000e+03
-1.555310058593750000e+03
-1.661319946289062500e+03
-1.442329956054687500e+03
-1.574020019531250000e+03
-1.493939941406250000e+03
-1.705760009765625000e+03
-1.574089965820312500e+03
-1.712859985351562500e+03
-1.579040039062500000e+03
-1.317579956054687500e+03
-1.450750000000000000e+03
-1.182589965820312500e+03
-1.665060058593750000e+03
-1.316150024414062500e+03
-1.423209960937500000e+03
-1.713599975585937500e+03
-1.556030029296875000e+03
-1.333459960937500000e+03
-1.465069946289062500e+03
-1.661489990234375000e+03
-1.392699951171875000e+03
-1.526400024414062500e+03
-1.182229980468750000e+03
-1.786910034179687500e+03
-1.293390014648437500e+03
-1.425780029296875000e+03
-1.446760009765625000e+03
-1.468020019531250000e+03
-1.205430053710937500e+03
-1.248729980468750000e+03
-1.385180053710937500e+03
-1.386709960937500000e+03
-1.514829956054687500e+03
-1.247030029296875000e+03
-1.661229980468750000e+03
-2.190689941406250000e+03
-1.390229980468750000e+03
-1.415770019531250000e+03
-1.276369995117187500e+03
-1.182609985351562500e+03
-1.288619995117187500e+03
-1.356000000000000000e+03
-1.621709960937500000e+03
-1.478949951171875000e+03
-1.480729980468750000e+03
-1.219260009765625000e+03
-1.687209960937500000e+03
-1.471660034179687500e+03
-1.339219970703125000e+03
-1.383170043945312500e+03
-1.231290039062500000e+03
-1.357609985351562500e+03
-1.274410034179687500e+03
-1.329000000000000000e+03
-1.241959960937500000e+03
-1.602209960937500000e+03
-1.465910034179687500e+03
-1.554849975585937500e+03
-1.399119995117187500e+03
-1.604060058593750000e+03
-1.471760009765625000e+03
-1.399780029296875000e+03
-1.314010009765625000e+03
-1.451030029296875000e+03
-1.222380004882812500e+03
-1.360520019531250000e+03
-1.286760009765625000e+03
-1.314550048828125000e+03
-1.768469970703125000e+03
-1.130709960937500000e+03
-1.452150024414062500e+03
-1.454800048828125000e+03
-1.167579956054687500e+03
-1.298520019531250000e+03
-1.363189941406250000e+03
-1.206689941406250000e+03
-1.411060058593750000e+03
-1.395099975585937500e+03
-1.407699951171875000e+03
-1.615040039062500000e+03
-1.395199951171875000e+03
-1.411699951171875000e+03
-1.403589965820312500e+03
-1.076420043945312500e+03
-1.309709960937500000e+03
-1.304849975585937500e+03
-1.445000000000000000e+03
-1.255810058593750000e+03
-1.257099975585937500e+03
-1.400630004882812500e+03
-1.768920043945312500e+03
-1.303560058593750000e+03
-1.447430053710937500e+03
-1.293709960937500000e+03
-1.302500000000000000e+03
-1.584209960937500000e+03
-1.303119995117187500e+03
-1.441969970703125000e+03
-1.445430053710937500e+03
-1.458839965820312500e+03
-1.321550048828125000e+03
-1.615569946289062500e+03
-1.188550048828125000e+03
-1.384229980468750000e+03
-1.241630004882812500e+03
-1.448920043945312500e+03
-1.183959960937500000e+03
-1.375859985351562500e+03
-1.317189941406250000e+03
-1.241880004882812500e+03
-1.318239990234375000e+03
-1.244439941406250000e+03
-1.524079956054687500e+03
-1.357530029296875000e+03
-1.557150024414062500e+03
-1.424699951171875000e+03
-1.353459960937500000e+03
-1.419579956054687500e+03
-1.352199951171875000e+03
-1.558520019531250000e+03
-1.426540039062500000e+03
-1.354390014648437500e+03
-1.419689941406250000e+03
-1.649119995117187500e+03
-1.262989990234375000e+03
-1.101339965820312500e+03
-1.428209960937500000e+03
-1.268920043945312500e+03
-1.421560058593750000e+03
-1.261739990234375000e+03
-1.266380004882812500e+03
-1.098800048828125000e+03
-1.560540039062500000e+03
-1.404500000000000000e+03
-1.524760009765625000e+03
-1.169719970703125000e+03
-1.005849975585937500e+03
-1.176229980468750000e+03
-1.169020019531250000e+03
-1.002619995117187500e+03
-1.315130004882812500e+03
-1.426719970703125000e+03
-1.268209960937500000e+03
-1.230839965820312500e+03
-1.239319946289062500e+03
-1.655630004882812500e+03
-2.191739990234375000e+03
-1.234560058593750000e+03
-1.073939941406250000e+03
-1.373729980468750000e+03
-1.370109985351562500e+03
-1.213209960937500000e+03
-1.418699951171875000e+03
-1.068819946289062500e+03
-1.237050048828125000e+03
-1.066530029296875000e+03
-1.361199951171875000e+03
-1.620760009765625000e+03
-1.200489990234375000e+03
-1.356650024414062500e+03
-1.427280029296875000e+03
-1.432420043945312500e+03
-1.425949951171875000e+03
-1.432640014648437500e+03
-1.434209960937500000e+03
-1.276719970703125000e+03
-1.434790039062500000e+03
-1.278260009765625000e+03
-1.624530029296875000e+03
-1.355329956054687500e+03
-1.372479980468750000e+03
-1.380640014648437500e+03
-1.358949951171875000e+03
-1.200270019531250000e+03
-1.380609985351562500e+03
-1.223380004882812500e+03
-1.409000000000000000e+03
-1.281819946289062500e+03
-1.148410034179687500e+03
-1.779900024414062500e+03
-1.269020019531250000e+03
-1.139219970703125000e+03
-1.142800048828125000e+03
-1.197010009765625000e+03
-1.065949951171875000e+03
-1.057630004882812500e+03
-1.573500000000000000e+03
-1.638719970703125000e+03
-1.444630004882812500e+03
-1.371449951171875000e+03
-1.449890014648437500e+03
-1.446589965820312500e+03
-1.327939941406250000e+03
-1.304670043945312500e+03
-1.375989990234375000e+03
-1.254550048828125000e+03
-1.249910034179687500e+03
-1.250500000000000000e+03
-1.643099975585937500e+03
-1.422130004882812500e+03
-1.573199951171875000e+03
-1.444520019531250000e+03
-1.371530029296875000e+03
-1.419949951171875000e+03
-1.451609985351562500e+03
-1.328599975585937500e+03
-1.268300048828125000e+03
-1.322439941406250000e+03
-1.460729980468750000e+03
-1.934119995117187500e+03
-1.319069946289062500e+03
-1.304180053710937500e+03
-1.249790039062500000e+03
-1.291900024414062500e+03
-1.447469970703125000e+03
-1.246689941406250000e+03
-1.227020019531250000e+03
-1.917819946289062500e+03
-1.573339965820312500e+03
-1.446979980468750000e+03
-1.376329956054687500e+03
-1.573550048828125000e+03
-1.453439941406250000e+03
-1.445729980468750000e+03
-1.330920043945312500e+03
-1.319569946289062500e+03
-1.373660034179687500e+03
-1.408290039062500000e+03
-1.269839965820312500e+03
-1.448880004882812500e+03
-1.327619995117187500e+03
-1.255560058593750000e+03
-1.421199951171875000e+03
-1.295880004882812500e+03
-1.229599975585937500e+03
-1.321349975585937500e+03
-1.249430053710937500e+03
-1.544160034179687500e+03
-1.328719970703125000e+03
-1.255130004882812500e+03
-1.285609985351562500e+03
-1.450020019531250000e+03
-1.320790039062500000e+03
-1.246780029296875000e+03
-1.312819946289062500e+03
-1.305219970703125000e+03
-1.400160034179687500e+03
-2.191850097656250000e+03
-1.321439941406250000e+03
-1.249800048828125000e+03
-1.330800048828125000e+03
-1.322880004882812500e+03
-1.211079956054687500e+03
-1.548390014648437500e+03
-1.445569946289062500e+03
-1.375770019531250000e+03
-1.325750000000000000e+03
-1.257130004882812500e+03
-1.318859985351562500e+03
-1.248500000000000000e+03
-1.430170043945312500e+03
-1.272560058593750000e+03
-1.571359985351562500e+03
-1.787800048828125000e+03
-1.302500000000000000e+03
-1.144880004882812500e+03
-1.445250000000000000e+03
-1.429560058593750000e+03
-1.272699951171875000e+03
-1.571300048828125000e+03
-1.303420043945312500e+03
-1.143790039062500000e+03
-1.446569946289062500e+03
-1.304709960937500000e+03
-1.544219970703125000e+03
-1.146750000000000000e+03
-1.446329956054687500e+03
-1.158069946289062500e+03
-1.000010009765625000e+03
-1.300910034179687500e+03
-1.301609985351562500e+03
-1.144849975585937500e+03
-1.444400024414062500e+03
-1.175069946289062500e+03
-1.014789978027343750e+03
-1.785040039062500000e+03
-1.318579956054687500e+03
-1.305810058593750000e+03
-1.146109985351562500e+03
-1.448079956054687500e+03
-1.158390014648437500e+03
-9.988400268554687500e+02
-1.302069946289062500e+03
-1.306180053710937500e+03
-1.145599975585937500e+03
-1.448880004882812500e+03
-1.686670043945312500e+03
-1.180339965820312500e+03
-1.019739990234375000e+03
-1.324319946289062500e+03
-1.180680053710937500e+03
-1.018599975585937500e+03
-1.324239990234375000e+03
-1.164859985351562500e+03
-1.003690002441406250e+03
-1.308209960937500000e+03
-1.450050048828125000e+03
-1.556219970703125000e+03
-1.446619995117187500e+03
-1.589869995117187500e+03
-1.588400024414062500e+03
-1.418040039062500000e+03
-1.416869995117187500e+03
-1.563530029296875000e+03
-1.249260009765625000e+03
-1.563630004882812500e+03
-1.296140014648437500e+03
-1.293699951171875000e+03
-1.677239990234375000e+03
-1.444599975585937500e+03
-1.130810058593750000e+03
-1.443739990234375000e+03
-1.228949951171875000e+03
-1.227479980468750000e+03
-1.377209960937500000e+03
-1.057900024414062500e+03
-1.376589965820312500e+03
-1.579280029296875000e+03
-1.581869995117187500e+03
-1.934670043945312500e+03
-1.437199951171875000e+03
-1.228050048828125000e+03
-1.359780029296875000e+03
-1.368250000000000000e+03
-1.264000000000000000e+03
-1.088849975585937500e+03
-1.413760009765625000e+03
-1.240579956054687500e+03
-1.564180053710937500e+03
-9.964699707031250000e+02
-1.794170043945312500e+03
-1.147119995117187500e+03
-1.069989990234375000e+03
-1.221069946289062500e+03
-1.362520019531250000e+03
-1.435800048828125000e+03
-1.365479980468750000e+03
-1.793060058593750000e+03
-1.634780029296875000e+03
-1.240319946289062500e+03
-1.453829956054687500e+03
-1.289500000000000000e+03
-1.311069946289062500e+03
-1.260780029296875000e+03
-1.275550048828125000e+03
-1.296800048828125000e+03
-1.799949951171875000e+03
-1.246170043945312500e+03
-1.437099975585937500e+03
-1.296739990234375000e+03
-1.437890014648437500e+03
-1.318599975585937500e+03
-1.311569946289062500e+03
-1.310140014648437500e+03
-1.317180053710937500e+03
-1.320319946289062500e+03
-1.309060058593750000e+03
-1.657729980468750000e+03
-1.438390014648437500e+03
-1.428630004882812500e+03
-1.425699951171875000e+03
-1.418130004882812500e+03
-1.567609985351562500e+03
-1.440939941406250000e+03
-1.282030029296875000e+03
-1.110109985351562500e+03
-1.360839965820312500e+03
-1.236010009765625000e+03
-1.916859985351562500e+03
-1.362479980468750000e+03
-1.239839965820312500e+03
-1.234449951171875000e+03
-1.234359985351562500e+03
-1.241550048828125000e+03
-1.241260009765625000e+03
-1.349589965820312500e+03
-1.213400024414062500e+03
-1.036500000000000000e+03
-1.415520019531250000e+03
-1.796010009765625000e+03
-1.273770019531250000e+03
-1.203400024414062500e+03
-1.417750000000000000e+03
-1.256689941406250000e+03
-1.298780029296875000e+03
-1.161780029296875000e+03
-1.228250000000000000e+03
-1.362130004882812500e+03
-1.283410034179687500e+03
-1.292349975585937500e+03
-1.927479980468750000e+03
-1.220930053710937500e+03
-1.312729980468750000e+03
-1.239319946289062500e+03
-1.247890014648437500e+03
-1.316000000000000000e+03
-1.241520019531250000e+03
-1.430739990234375000e+03
-1.319770019531250000e+03
-1.246530029296875000e+03
-1.318790039062500000e+03
-1.246020019531250000e+03
-1.245869995117187500e+03
-1.549000000000000000e+03
-1.179660034179687500e+03
-1.440979980468750000e+03
-1.050199951171875000e+03
-1.314849975585937500e+03
-1.180520019531250000e+03
-1.440430053710937500e+03
-1.049760009765625000e+03
-1.314630004882812500e+03
-1.052739990234375000e+03
-1.315349975585937500e+03
-1.539530029296875000e+03
-1.051630004882812500e+03
-1.314010009765625000e+03
-1.052569946289062500e+03
-1.317520019531250000e+03
-1.050619995117187500e+03
-1.316709960937500000e+03
-1.439219970703125000e+03
-1.443150024414062500e+03
-1.441949951171875000e+03
-1.282989990234375000e+03
-1.543250000000000000e+03
-1.295010009765625000e+03
-1.296130004882812500e+03
-1.136229980468750000e+03
-1.219739990234375000e+03
-1.219459960937500000e+03
-1.245030029296875000e+03
-1.679430053710937500e+03
-1.645660034179687500e+03
-1.936609985351562500e+03
-1.369089965820312500e+03
-1.113930053710937500e+03
-1.242640014648437500e+03
-1.244219970703125000e+03
-1.369729980468750000e+03
-1.115579956054687500e+03
-1.244300048828125000e+03
-1.118319946289062500e+03
-1.243510009765625000e+03
-1.115270019531250000e+03
-1.785119995117187500e+03
-1.242449951171875000e+03
-1.115150024414062500e+03
-1.246349975585937500e+03
-1.117959960937500000e+03
-1.245869995117187500e+03
-8.934099731445312500e+02
-1.206050048828125000e+03
-1.026199951171875000e+03
-1.143890014648437500e+03
-1.541089965820312500e+03
-1.294469970703125000e+03
-1.293130004882812500e+03
-1.437670043945312500e+03
-1.020969970703125000e+03
-1.166550048828125000e+03
-1.308089965820312500e+03
-1.096199951171875000e+03
-1.239319946289062500e+03
-1.009940002441406250e+03
-1.297160034179687500e+03
-1.804839965820312500e+03
-1.223339965820312500e+03
-1.163530029296875000e+03
-1.094859985351562500e+03
-9.262199707031250000e+02
-8.257600097656250000e+02
-1.227739990234375000e+03
-1.229270019531250000e+03
-1.069380004882812500e+03
-1.308310058593750000e+03
-1.294030029296875000e+03
-1.676619995117187500e+03
-1.323800048828125000e+03
-1.462949951171875000e+03
-1.553800048828125000e+03
-1.684449951171875000e+03
-1.553260009765625000e+03
-1.547550048828125000e+03
-1.517500000000000000e+03
-1.780770019531250000e+03
-1.777550048828125000e+03
-1.653880004882812500e+03
-1.405319946289062500e+03
-1.528709960937500000e+03
-1.375130004882812500e+03
-1.522430053710937500e+03
-1.519699951171875000e+03
-1.546819946289062500e+03
-1.400719970703125000e+03
-1.518880004882812500e+03
-1.519839965820312500e+03
-1.788780029296875000e+03
-1.659099975585937500e+03
-1.512810058593750000e+03
-1.660099975585937500e+03
-1.761219970703125000e+03
-1.766099975585937500e+03
-1.633680053710937500e+03
-1.763680053710937500e+03
-1.606300048828125000e+03
-1.779339965820312500e+03
-1.653739990234375000e+03
-1.782459960937500000e+03
-1.515349975585937500e+03
-1.767640014648437500e+03
-1.622359985351562500e+03
-1.917420043945312500e+03
-1.762560058593750000e+03
-1.609810058593750000e+03
-1.916810058593750000e+03
-1.770089965820312500e+03
-1.616949951171875000e+03
-1.914030029296875000e+03
-1.777609985351562500e+03
-1.762400024414062500e+03
-1.608500000000000000e+03
-1.780439941406250000e+03
-1.788719970703125000e+03
-1.519949951171875000e+03
-1.788089965820312500e+03
-1.786040039062500000e+03
-1.653609985351562500e+03
-1.517829956054687500e+03
-1.622400024414062500e+03
-1.775280029296875000e+03
-1.780810058593750000e+03
-1.639369995117187500e+03
-1.931930053710937500e+03
-1.648849975585937500e+03
-1.905930053710937500e+03
-1.789959960937500000e+03
-1.803449951171875000e+03
-1.781040039062500000e+03
-1.787780029296875000e+03
-1.783160034179687500e+03
-1.744839965820312500e+03
-1.653819946289062500e+03
-1.792729980468750000e+03
-1.916189941406250000e+03
-1.933609985351562500e+03
-1.792469970703125000e+03
-1.424930053710937500e+03
-1.558050048828125000e+03
-1.800010009765625000e+03
-1.786069946289062500e+03
-1.683160034179687500e+03
-1.643640014648437500e+03
-1.670439941406250000e+03
-1.566630004882812500e+03
-1.556119995117187500e+03
-1.780420043945312500e+03
-1.670530029296875000e+03
-1.428219970703125000e+03
-1.532329956054687500e+03
-1.541069946289062500e+03
-1.540229980468750000e+03
-1.545969970703125000e+03
-1.785270019531250000e+03
-1.781180053710937500e+03
-1.654050048828125000e+03
-1.673280029296875000e+03
-1.686339965820312500e+03
-1.683089965820312500e+03
-1.552819946289062500e+03
-1.684479980468750000e+03
-1.554300048828125000e+03
-1.553339965820312500e+03
-1.365109985351562500e+03
-1.779979980468750000e+03
-1.502630004882812500e+03
-1.525859985351562500e+03
-1.661290039062500000e+03
-1.546910034179687500e+03
-1.515170043945312500e+03
-1.659760009765625000e+03
-1.767170043945312500e+03
-1.634199951171875000e+03
-1.771689941406250000e+03
-1.769810058593750000e+03
-1.922250000000000000e+03
-1.917000000000000000e+03
-1.612579956054687500e+03
-1.785390014648437500e+03
-1.786829956054687500e+03
-1.522959960937500000e+03
-1.778550048828125000e+03
-1.531869995117187500e+03
-1.907959960937500000e+03
-1.912400024414062500e+03
-1.762810058593750000e+03
-1.610969970703125000e+03
-1.754390014648437500e+03
-1.781329956054687500e+03
-1.787880004882812500e+03
-1.787359985351562500e+03
-1.781619995117187500e+03
-1.520729980468750000e+03
-1.782729980468750000e+03
-1.522619995117187500e+03
-1.649760009765625000e+03
-1.914099975585937500e+03
-1.793640014648437500e+03
-1.778880004882812500e+03
-1.791400024414062500e+03
-1.805479980468750000e+03
-1.787400024414062500e+03
-1.780469970703125000e+03
-1.938479980468750000e+03
-1.655540039062500000e+03
-1.797459960937500000e+03
-1.797910034179687500e+03
-1.793119995117187500e+03
-1.794949951171875000e+03
-1.752810058593750000e+03
-1.793250000000000000e+03
-1.430859985351562500e+03
-1.683140014648437500e+03
-1.544189941406250000e+03
-1.545880004882812500e+03
-1.557709960937500000e+03
-1.804670043945312500e+03
-1.786250000000000000e+03
-1.517770019531250000e+03
-1.541170043945312500e+03
-1.776140014648437500e+03
-1.679810058593750000e+03
-1.412170043945312500e+03
-1.405810058593750000e+03
-1.544380004882812500e+03
-1.564900024414062500e+03
-1.553400024414062500e+03
-1.508079956054687500e+03
-1.513400024414062500e+03
-1.384500000000000000e+03
-1.524550048828125000e+03
-1.903369995117187500e+03
-1.660280029296875000e+03
-1.520579956054687500e+03
-1.662969970703125000e+03
-1.519390014648437500e+03
-1.531959960937500000e+03
-1.519719970703125000e+03
-1.519270019531250000e+03
-1.916739990234375000e+03
-1.509689941406250000e+03
-1.355229980468750000e+03
-1.901300048828125000e+03
-1.917420043945312500e+03
-1.657380004882812500e+03
-1.910780029296875000e+03
-1.910900024414062500e+03
-1.911069946289062500e+03
-1.917369995117187500e+03
-1.915770019531250000e+03
-1.933199951171875000e+03
-1.786000000000000000e+03
-1.629560058593750000e+03
-1.743920043945312500e+03
-1.915810058593750000e+03
-1.914060058593750000e+03
-1.916770019531250000e+03
-1.541790039062500000e+03
-1.385060058593750000e+03
-1.682439941406250000e+03
-1.907989990234375000e+03
-1.907369995117187500e+03
-1.909969970703125000e+03
-1.931489990234375000e+03
-1.766739990234375000e+03
-1.785839965820312500e+03
-1.651869995117187500e+03
-1.630520019531250000e+03
-1.493619995117187500e+03
-1.789989990234375000e+03
-1.791979980468750000e+03
-1.909790039062500000e+03
-1.915829956054687500e+03
-1.540540039062500000e+03
-1.384400024414062500e+03
-1.756500000000000000e+03
-1.681390014648437500e+03
-1.408869995117187500e+03
-1.250000000000000000e+03
-1.551270019531250000e+03
-1.511770019531250000e+03
-1.355729980468750000e+03
-1.659010009765625000e+03
-1.908780029296875000e+03
-1.498520019531250000e+03
-1.646459960937500000e+03
-1.775089965820312500e+03
-1.894869995117187500e+03
-1.475489990234375000e+03
-1.622359985351562500e+03
-1.910290039062500000e+03
-1.916540039062500000e+03
-1.785819946289062500e+03
-1.914750000000000000e+03
-1.904400024414062500e+03
-1.528459960937500000e+03
-1.373510009765625000e+03
-1.539329956054687500e+03
-1.778829956054687500e+03
-1.784770019531250000e+03
-1.676800048828125000e+03
-1.560969970703125000e+03
-1.419849975585937500e+03
-1.261180053710937500e+03
-1.372060058593750000e+03
-1.511500000000000000e+03
-1.214489990234375000e+03
-1.354290039062500000e+03
-1.519719970703125000e+03
-1.898750000000000000e+03
-1.518709960937500000e+03
-1.657300048828125000e+03
-1.407219970703125000e+03
-1.251020019531250000e+03
-1.549349975585937500e+03
-1.913670043945312500e+03
-1.621140014648437500e+03
-1.465069946289062500e+03
-1.311310058593750000e+03
-1.916300048828125000e+03
-1.745670043945312500e+03
-1.768040039062500000e+03
-1.612989990234375000e+03
-1.785250000000000000e+03
-1.373020019531250000e+03
-1.218160034179687500e+03
-1.521359985351562500e+03
-1.909910034179687500e+03
-1.919459960937500000e+03
-1.776979980468750000e+03
-1.790479980468750000e+03
-1.899180053710937500e+03
-1.644060058593750000e+03
-1.486170043945312500e+03
-1.917839965820312500e+03
-1.790229980468750000e+03
-1.537079956054687500e+03
-1.374880004882812500e+03
-1.680420043945312500e+03
-1.420189941406250000e+03
-1.260969970703125000e+03
-1.562750000000000000e+03
-1.747000000000000000e+03
-1.781599975585937500e+03
-1.522369995117187500e+03
-1.383339965820312500e+03
-1.360810058593750000e+03
-1.221890014648437500e+03
-1.661439941406250000e+03
-1.525089965820312500e+03
-1.915969970703125000e+03
-1.772670043945312500e+03
-1.772839965820312500e+03
-1.899949951171875000e+03
-1.917030029296875000e+03
-1.623489990234375000e+03
-1.913579956054687500e+03
-1.768810058593750000e+03
-1.614040039062500000e+03
-1.769530029296875000e+03
-1.768670043945312500e+03
-1.914569946289062500e+03
-1.915099975585937500e+03
-1.617089965820312500e+03
-1.746439941406250000e+03
-1.914670043945312500e+03
-1.908140014648437500e+03
-1.764329956054687500e+03
-1.909130004882812500e+03
-1.612439941406250000e+03
-1.907280029296875000e+03
-1.762369995117187500e+03
-1.607619995117187500e+03
-1.763880004882812500e+03
-1.762650024414062500e+03
-1.898160034179687500e+03
-1.908020019531250000e+03
-1.614219970703125000e+03
-1.914890014648437500e+03
-1.771349975585937500e+03
-1.916079956054687500e+03
-1.621719970703125000e+03
-1.919699951171875000e+03
-1.917040039062500000e+03
-1.911750000000000000e+03
-1.766739990234375000e+03
-1.746630004882812500e+03
-1.468380004882812500e+03
-1.628880004882812500e+03
-1.628170043945312500e+03
-1.473540039062500000e+03
-1.611500000000000000e+03
-1.469949951171875000e+03
-1.306739990234375000e+03
-1.770839965820312500e+03
-1.769890014648437500e+03
-1.770030029296875000e+03
-1.775150024414062500e+03
-1.897469970703125000e+03
-1.767660034179687500e+03
-1.912579956054687500e+03
-1.771849975585937500e+03
-1.913069946289062500e+03
-1.610750000000000000e+03
-1.616930053710937500e+03
-1.768680053710937500e+03
-1.768310058593750000e+03
-1.912270019531250000e+03
-1.615959960937500000e+03
-1.638969970703125000e+03
-2.062399902343750000e+03
-1.354979980468750000e+03
-1.517560058593750000e+03
-1.515589965820312500e+03
-1.507770019531250000e+03
-1.346959960937500000e+03
-1.356060058593750000e+03
-1.515020019531250000e+03
-1.512569946289062500e+03
-1.347069946289062500e+03
-1.779660034179687500e+03
-1.657069946289062500e+03
-1.358140014648437500e+03
-1.184760009765625000e+03
-1.191040039062500000e+03
-1.357280029296875000e+03
-1.187579956054687500e+03
-1.501199951171875000e+03
-1.920180053710937500e+03
-1.519849975585937500e+03
-1.921589965820312500e+03
-1.776130004882812500e+03
-1.921479980468750000e+03
-1.660310058593750000e+03
-1.358989990234375000e+03
-1.783579956054687500e+03
-1.524750000000000000e+03
-1.781459960937500000e+03
-1.520719970703125000e+03
-1.920380004882812500e+03
-1.922869995117187500e+03
-1.658010009765625000e+03
-1.645079956054687500e+03
-1.624579956054687500e+03
-1.352790039062500000e+03
-1.922060058593750000e+03
-1.659959960937500000e+03
-1.920140014648437500e+03
-1.783140014648437500e+03
-1.523050048828125000e+03
-1.776510009765625000e+03
-1.518390014648437500e+03
-1.919199951171875000e+03
-1.783520019531250000e+03
-1.624030029296875000e+03
-1.351510009765625000e+03
-1.659359985351562500e+03
-1.522050048828125000e+03
-1.362880004882812500e+03
-1.780500000000000000e+03
-1.523050048828125000e+03
-2.062500000000000000e+03
-1.921579956054687500e+03
-1.921189941406250000e+03
-1.650550048828125000e+03
-1.664280029296875000e+03
-1.660469970703125000e+03
-1.655439941406250000e+03
-2.062100097656250000e+03
-1.803680053710937500e+03
-1.495739990234375000e+03
-1.920969970703125000e+03
-1.661290039062500000e+03
-1.918609985351562500e+03
-1.658339965820312500e+03
-1.791609985351562500e+03
-2.060760009765625000e+03
-2.062899902343750000e+03
-1.801729980468750000e+03
-1.766219970703125000e+03
-1.494069946289062500e+03
-2.064189941406250000e+03
-1.802170043945312500e+03
-1.656660034179687500e+03
-1.499520019531250000e+03
-1.768349975585937500e+03
-1.790969970703125000e+03
-1.628790039062500000e+03
-1.367030029296875000e+03
-1.626550048828125000e+03
-1.362760009765625000e+03
-1.768199951171875000e+03
-1.769319946289062500e+03
-1.503270019531250000e+03
-1.475949951171875000e+03
-1.189969970703125000e+03
-1.770270019531250000e+03
-1.789069946289062500e+03
-1.507180053710937500e+03
-1.920449951171875000e+03
-1.921329956054687500e+03
-1.661780029296875000e+03
-1.921189941406250000e+03
-1.658239990234375000e+03
-1.919479980468750000e+03
-1.919540039062500000e+03
-1.657630004882812500e+03
-1.662099975585937500e+03
-1.782010009765625000e+03
-1.919000000000000000e+03
